website,business_name,address,phone,fax,mobile,full_service_categories
ww2.bzilionconcreteservices.comu002F,Bzilion Concreting Services,Mcgraths Hill NSW 2756,0245776965,,0427975692,"Concrete Kerbs,Install Driveway Edges,Install Car Park Kerbs,Install Garden Edges,Concrete Resurfacing,Anti-Slip Concrete Resurfacing,Concrete Polishing,Decorative Concrete Coatings,Concrete Repair & Reseal,Concreting,Concrete Retaining Walls,Grinding,Exposed Aggregate Concrete,Concrete Removal,Foundations,Concrete Pools,Formwork,Reinforcement,Coloured Concrete,Pumping,Footpaths,Spray-On,Cleaning,Driveways,Sealing,Cutting,House Slabs"
https:u002Fu002Fwww.facebook.comu002Fdzltiling,DZL Tiling,"127 Nicklin way, 127 nicklin WAY, Warana QLD 4575",0404521209,,0404 521 209,"Tilers,Wall Tiling,Floor Tiling,Bathroom Tiling,Kitchen Tiling"
,Ezzy Cleaning Services,Truganina VIC 3029,,,0488112775,"Carpet & Upholstery Cleaning,Carpet & Fabric Protection,Sanitising & Deoderising,Carpet Steam Cleaning,Carpet Dry Cleaning,Upholstery Cleaning,Rug Cleaning,Cleaning,Tile & Grout,One Off Clean,Rental Bond & Move Out Clean,Home Cleaners,Cleaning Services - Commercial,Exterior Cleaning,High Pressure Cleaning,Builder Clean Ups,Graffiti Removal,Office Cleaning,Window Cleaning,Standard"
,Gywabi Pty Ltd,Merrylands NSW 2160,,,0433829296,"Decking,Decking Materials,Timber Decking,Handyman,Basic Plastering,Plastering & Gyprock,Repairs,Ornamental,Partitioning,Solid Wall,Dry Wall"
,Industrial Tradie,Revesby NSW 2212,0414355858,,,"Handyman,Window & Door Repairs,Basic Plastering,Basic Paving,Basic Concreting,Basic Painting,Basic Fencing,Basic Carpentry,Odd Jobs,Picture & Mirror Hanging,Basic Bricklaying,Lock Repairs,Welding,Basic Garden Jobs,Basic Tiling,Furniture Assembly,Shower Base Repair"
,JZP Tiling Services,SURFERS PARADISE QLD 4217,0452614121,,0452614121,"Tilers,Mosaic,Tile & Grout Cleaning,Tile Resurfacing,Outdoor Paving,Wall Tiling,Bathroom Tiling,Floor Tiling,Kitchen Tiling,Tile Removal,Waterproofing,Tile Seepage,Balconies,Rising Damp,Chimney,Seal Showers,Caulking,Grout Seepage,Ponds & Water Features,Pools,Bathroom"
,JZ Waterproofing,MAIDSTONE VIC 3012,0457770957,,0457770957,"Waterproofing,Seal Showers,Grout Seepage,Bathroom,Balconies,Tile Seepage"
,LZ PLUMBING,Orange NSW 2800,0407705344,,,"Gas Fitters,Gas Repairs,Gas Installation,Plumbers,General Maintenance,New Homes,Hot Water Unit Installation,24/7 Emergency Plumbers,Hot Water Unit Repairs,Plumbing Installation,Drain Repairs,Home Renovations,Rain Water Tank Installation,New Drains,Grey Water Systems,Toilet Repairs,Blocked Drains,Grease Traps,Toilet Installation,Backflow Systems"
www.pyreneeshandyman.comu002F,Pyrenees Handyman Service,"4 sing track, 4 sing TRK, daisy hill VIC 3465",03 5460 5891,03 5460 55891,0409 240 466,"Bathroom,Complete Bathroom Renovation,Building,Re Stumping"
,Python Security Service,,1800 PYTHON,,0412 350 579,Security
www.czyaluminium.com,CZY pty ltd,Chester HILL NSW 2162,,,0447 888 200,"Bathroom,Builder,Design,Repairs,Basin Installation,Tilers,Toilet Installation,Cabinet Makers,Bath Installation,Waterproofers,Shower Installation,Vanity Installation,Bathroom Resurfacing,Complete Bathroom Renovation,Building,Commercial,Cabinet Making,Home Office,Bathroom,Vanities,Built-in Furniture,Bookcases,Kitchen Renovations,Benchtops,Carpenters,Doors,Renovations,Handrails,Formwork,Architraves,Windows,Skirting,Decking,Ramps,Fencing,Glass,Steel,Aluminium,General Contractor,Security,PVC,Kitchen,Benchtops,Kitchen Renovation,Project Management,New Kitchen,Flat Pack Kitchens,Tilers,Cabinet Makers,Resurfacing,Plastering & Gyprock,Solid Wall,Dry Wall,Repairs,Ornamental,Partitioning"
www.qwiktrackplumbing.com.au,Qwiktrack Plumbing Pty Ltd,Hurstville NSW 2220,,,0451009559,"Bathroom,Toilet Installation,Bathroom Accessories,Toilet Seats,Drains,Excavation,Trenching,Confined Space (mini excavator),Service Location,Pool Excavations,Pit Installation,Earth Moving,Gas Fitters,Gas Repairs,Gas Installation,Gutter Cleaning,Stormwater Pits & Drains,Roof Gutters,Guttering,Stormwater Pits & Drains,Rain Water Tank Set Up,Heaters,Gas Heaters,Hot Water Systems,Suppliers,Electric,Gas,Solar Hot Water,Service & Repairs,Heat Pumps,Installation,Plumbers,General Maintenance,Toilet Installation,New Homes,Solar Hot Water,Hot Water Unit Installation,24/7 Emergency Plumbers,Drain Repairs,Hot Water Unit Repairs,Plumbing Installation,New Drains,Home Renovations,Rain Water Tank Installation,Blocked Drains,Grease Traps,Toilet Repairs,Backflow Systems,Roof Repairs,Metal & Colorbond Roof Repairs,General Maintenance,Roofing,Roofing Contractors,Metal & Colorbond Roofing,Rubbish Removal,Rubbish Removal Service,Waterproofing,Rising Damp"
,Qwikfix Plastering,GRACEMERE QLD 4702,0417723099,,0417723099,"Bathroom,Cabinet Makers,Repairs,Carpenters,Ramps,Doors,Renovations,Formwork,Skirting,Windows,Decking,Ceilings,Demolition,Asbestos Removal,Strip Outs,Handyman,Basic Carpentry,Basic Painting,Picture & Mirror Hanging,Basic Bricklaying,Odd Jobs,Lock Repairs,Basic Garden Jobs,Welding,Furniture Assembly,Shower Base Repair,Basic Concreting,Basic Plastering,Basic Fencing,Home Theatre,Televisions,Joinery,Windows & Doors,Plastering & Gyprock,Repairs,Partitioning,Dry Wall,Pool Fencing,Installation"
,Fyson Brickwork,WATERLOO NSW 2017,0410721570,,0410721570,"Bricklaying,New Building,Fireplaces,Piering,Brick Pointing,Brick Fences,Extensions,Alterations & Additions"
,Hi-Tek Pressure Cleaning Services,Blackalls Park NSW 2283,0458572579,,0458572579,"Cleaning Services - Commercial,High Pressure Cleaning,Concrete Resurfacing,Decorative Concrete Coatings,Concrete Repair & Reseal,Anti-Slip Concrete Resurfacing,Concreting,Sealing,Cleaning,Gutter Cleaning,Roof Gutters,Gutter Protection,Handyman,Odd Jobs,Pressure Cleaning,Paving Clean,Pool Cleaning,Brick Cleaning,Driveway Clean,Graffiti Removal"
,FyrePower Fire Protection,Varsity Lakes QLD 4227,,,0488883973,Fire Protection Materials
www.fyshwickselfstorage.com.au,Fyshwick Self Storage,"64-68 Collie ST, Fyshwick ACT 2609",0262471514,0261620060,0402858041,"Storage,Transport & Store,Shelving & Storage Solutions,Self Storage"
www.fyreguard.com.au,Fyreguard Waterproofing Supplies,Burleigh Heads QLD 4220,0755934955,,,"Concrete Waterproofing Materials,Waterproofing,Waterproofing Products"
www.fyrepro.com.auu002F,Fyre Pro Aus PTY LTD,"Unit 3, 18 Hinkler CRT, Brendale QLD 4500",1800 00 3973,,,"Door Suppliers,Entry Doors,Doors,Door Replacement,Door Repairs,Door Installation,Restoration,Frame Installation,Fire Doors,Fire Protection Materials,Inspections - Building,Expert Witness Reports,Fire Protection Inspections"
fynacleancairns.com.au,Fyna Clean,Earlville QLD 4870,,,0418187232,"Carpet & Upholstery Cleaning,Carpet Steam Cleaning,Upholstery Cleaning,Rug Cleaning,Sanitising & Deoderising,Cleaning,One Off Clean,Rental Bond & Move Out Clean,Home Cleaners,Tile & Grout,Cleaning Services - Commercial,Office Cleaning,Builder Clean Ups"
,Nz kiwi trsport,Perth WA 6000,,,0405161773,"Furniture Removal,Corporate Move,House Move"
,AF Design and Drafting,,02 9541 0702 u002F 0417 699 969,02 9541 0702,,"Building Consultants,Development Applications,Inspections,Building Design,Building Designer,Commercial,Sustainable Design,Energy Rating Assessors,New Homes,Unit Development,Extensions & Additions,Industrial,Drafting,New Home,Garages,Carports,Extensions & Additions"
,Azzurri Tiling and Stone,Oran Park NSW 2570,0404388510,,0403288967,"Tilers,Tile Removal,Mosaic,Tile & Grout Cleaning,Outdoor Paving,Bathroom Tiling,Wall Tiling,Kitchen Tiling,Floor Tiling,Waterproofing,Bathroom,Balconies,Chimney,Caulking,Seal Showers"
,Azzy'N'Demo,Gleneagle QLD 4285,,,0458023063,"Asbestos Removal,Inspections,Emergency Removal,Commercial,Small Clean-Ups,Site Decontamination,Monitoring,Demolition,Without Salvage Rights,With Salvage Rights,Recycling Focused,Asbestos Removal,Strip Outs"
,Azzure Painting & Decorating,Southport QLD 4215,,,0450635982,"Painters,Special Finishes,Colour Consulting,Exterior Timber Maintenance,Fence Painting,Interior,Spray Painting"
www.azzona.com.au,Azzona Drainage Contractors,Campbellfield VIC 3061,0393053900,,,"Excavation,Earth Moving"
www.azzitilingsuppliers.com.au,Azzi Tiling Suppliers,,,,0411 643 555,"Tile Suppliers,Granite Tiles,Stone Tiles,Bathroom Tiles,Ceramic Tiles,Outdoor Tiles,Pool Tiles,Mosaic Tiles,Marble Tiles,Floor Tiles,Kitchen Tiles,Wall Tiles,Tilers,Tile & Grout Cleaning,Tile Resurfacing,Grouting & Regrouting ,Roof Tiling,Wall Tiling,Outdoor Paving,Floor Tiling,Bathroom Tiling,Tile Removal,Kitchen Tiling,Mosaic,Waterproofing,Ponds & Water Features,Pools,Balconies,Tile Seepage,Caulking,Rising Damp,Seal Showers,Grout Seepage"
www.azzelecservices.com.au,Azzelec Services,Devon Meadows VIC 3977,,,0400584612,"Antenna Services,Digital TV Points,Electricians,Security Lighting,24/7 Emergency Electricians,New Installations,Safety Switches,Test & Tag,New Homes,Home Entertainment System,Renovations,Switchboards,Lighting,Power Points,Hot Water Systems,Electric,IKEA Lighting Installation and Assembly,Kitchen,New Kitchen,Lighting,Repairs,Install,Wiring,Outdoor Lighting Design & Install,Maintenance & Servicing"
www.ozzybuild.com.au,Ozzybuild - Designer Homes,Prestons NSW 2170,,,0414 998 308,"Building,Granny Flats,Home Extensions,Renovation,New Home,Building Designer,Sustainable Design,New Homes,Extensions & Additions,Unit Development,Extensions & Additions,2nd Storey Additions,Builders"
,Ozzy's Concrete Pumping,Rossmore NSW 2557,,,0404553550,"Concreting,Pumping"
,Ozzy Tiling,"9 Bridport ST, Cranbourne VIC 3977",0473514450,,0473514450,"Bathroom,Tilers,Waterproofers,Kitchen,Tilers,Splashbacks,Tilers,Mosaic,Tile & Grout Cleaning,Outdoor Paving,Grouting & Regrouting ,Bathroom Tiling,Wall Tiling,Kitchen Tiling,Floor Tiling,Tile Removal,Waterproofing,Bathroom,Balconies,Caulking"
,Ozzy Shutters and Blinds,PIMPAMA QLD 4209,0412027462,,0412027462,"Awnings,Blinds,Indoor,Blinds Suppliers,Holland Blinds,Vertical Blinds,Venetian Blinds,Timber Blinds,Outdoor,Roman Blinds,Roller Blinds,Panel Glide Blinds,Curtains,Custom Made,Suppliers,Installers,Window Shutters,External Shutters,Venetian Shutters,Plantation Shutters"
www.azztek.com.auu002F,Azztek Kitchens,"3 Carleton PL, Mandurah WA 6210",08 9581 8000,08 9581 8100,,"Cabinet Making,Kitchen Renovations,Kitchen,Benchtops,Kitchen Renovation,New Kitchen,Project Management,Cabinet Makers"
,FZI Construction Pty Ltd,Rockdale NSW 2216,0411 337 464,,,"Building,Home Extensions,Renovation,New Home,Building Designer,Unit Development,New Homes,Extensions & Additions,Extensions & Additions,Project Management,Structural Engineers,2nd Storey Additions,Ground Floor Extensions,Builders,Building Permits,Design"
,Azzopardi Concrete Services Pty Ltd,,,02 9673 6813,0411 261 133,"Concrete Kerbs,Install Car Park Kerbs,Install Garden Edges,Install Driveway Edges,Concreting,Footpaths,Driveways,Cutting,Reinforcement,Concrete Retaining Walls,House Slabs,Concrete Removal,Grinding,Concrete Pools,Formwork,Paving,Paths,Garden Edges,Pool Areas,Patios,Driveways"
,Ozzy Plumbing Services,Brunswick Heads NSW 2483,,,0407229467,"Equipment Hire,Excavator,Excavation,Service Location,Confined Space (mini excavator),Pit Installation,Earth Moving,Trenching,Plumbers,Blocked Drains,Grease Traps,Hot Water Unit Installation,Rain Water Tank Installation,Backflow Systems,General Maintenance,Hot Water Unit Repairs,Toilet Repairs,24/7 Emergency Plumbers,Drain Repairs,Home Renovations,Toilet Installation,New Drains,Grey Water Systems,New Homes,Plumbing Installation"
www.facebook.comu002FAzzbrightElectrical1u002F,Azzbright Electrical,ALTONA NORTH VIC 3025,0413068232,,,"Antenna Services,Antenna Relocation,Repairs & Troubleshooting,Suppliers & Installation,Digital TV Points,Appliance Installation,Rangehood Installation,Cooktop Installation,Oven Installation,Appliance Repairs,Hot Water Systems,Electricians,New Homes,Safety Switches,Home Entertainment System,Rewiring,Test & Tag,Home Automation,Repairs,Solar Power,Data Cabling,Renovations,Back Up Generators,Power Points,Switchboards,Lighting,New Installations,Security Lighting,24/7 Emergency Electricians,Hot Water Systems,Electric"
,Ozzy Gyprock Pty Ltd,Green Valley NSW 2168,,,0435897491,"Plastering & Gyprock,Dry Wall,Repairs,Ornamental,Partitioning,Solid Wall,Waterproofing,Rising Damp,Chimney,Seal Showers,Caulking,Grout Seepage,Ponds & Water Features,Pools,Bathroom,Tile Seepage,Balconies,Waterproofing Products"
www.ozzytuff.com.au,ozzytuff security screens and doors.,toongabbie NSW 2146,,,0434788538,"Door Suppliers,Security Doors,Doors,Fire Doors,Door Replacement,Door Repairs,Door Installation,Restoration,Frame Installation"
,Ozzy Civil Pty Ltd,Arncliffe NSW 2205,,,0424303030,"Concreting,Spray-On,Concrete Removal,Sealing,Formwork,Footpaths,Driveways,Cutting,Pumping,Concrete Retaining Walls"
ozzlink.com,Ozzlink Security Solutions,Bankstown NSW 2200,,,0414902750,"Electricians,Test & Tag,Home Security Products,Plastering & Gyprock,Ornamental,Partitioning,Solid Wall,Dry Wall,Security,Security Guards,24 Hour Monitoring,Access Control,CCTV,Alarm Systems,Intercom Systems,Security Card Access,Tilers,Wall Tiling,Floor Tiling,Bathroom Tiling,Mosaic,Kitchen Tiling,Grouting & Regrouting "
,Ozzlay Brick And Blocklaying,Trinity Park QLD 4879,,,0400 393 049,"Bricklaying,Alterations & Additions,New Building,Fireplaces,Piering,Brick Pointing,Brick Fences,Extensions,Handyman,Basic Bricklaying"
,OzzieClean,Lalor VIC 3075,0459808030,,0459808030,"Cleaning,One Off Clean,Home Cleaners,Cleaning Services - Commercial,Office Cleaning"
www.ozzieplumbing.com.au,Ozzie Plumbing,Bundoora VIC 3083,0417828737,0394401727,0417828737,"Plumbers,New Drains,New Homes,Blocked Drains,Hot Water Unit Installation,24/7 Emergency Plumbers,Hot Water Unit Repairs,Plumbing Installation,Home Renovations,Rain Water Tank Installation,General Maintenance,Toilet Repairs,Drain Repairs,Toilet Installation"
,Azzopardi Welding and Fabrication,act NSW 2620,,,0432320490,"Balustrading,Stairs,Fencing & Gates,Balconies,Glass Balustrades,Handyman,Welding,Staircases,Balustrading"
www.ozzykleen.com.au,Ozzy Kleen Cleaning Service,Hamilton NSW 2303,1300699955,,,"Cleaning,Home Cleaners,Cleaning Services - Commercial,Office Cleaning,Window Cleaning,Standard"
,Azzarello Bros Painters,Mango Hill QLD 4509,,,0421519301,"Painters,Exterior Timber Maintenance,Fence Painting,Spray Painting,Exterior,Special Finishes,Interior,Commercial,Colour Consulting,Roof"
,Ozz Tiling Group,Dandenong VIC 3175,,,0479080640,"Cleaning Services - Commercial,High Pressure Cleaning,Builder Clean Ups,Graffiti Removal,Office Cleaning,Exterior Cleaning,Tilers,Kitchen Tiling,Mosaic,Tile & Grout Cleaning,Tile Resurfacing,Roof Tiling,Wall Tiling,Grouting & Regrouting ,Outdoor Paving,Floor Tiling,Bathroom Tiling,Tile Removal"
www.ozzbuild.com.auu002F,OzzBuild Pty Ltd,Kirrawee NSW 2232,0415 898867,,0415 898867,"Building,New Home,Commercial,Project Management,Granny Flats,General Building Work,Home Extensions,Renovation,Building Consultants,Dispute Resolutions,Building Design,Development Applications,Extensions & Additions,2nd Storey Additions,Ground Floor Extensions,Builders,Design,Project Management,Garages,Inspections - Building,Owner / Builder Reports"
,Mzscleaning pty ltd,Calamvale QLD 4116,,,0401095678,"Carpet & Upholstery Cleaning,Upholstery Cleaning,Rug Cleaning,Carpet & Fabric Protection,Sanitising & Deoderising,Carpet Steam Cleaning,Carpet Dry Cleaning,Cleaning,Oven Cleaning,One Off Clean,Rental Bond & Move Out Clean,Home Cleaners,Cleaning Services - Commercial,Office Cleaning,Vacuum Cleaners"
ozzsolar.com.auu002F,Ozz Solar Systems,Maroochydore QLD 4558,,,0410422922,"Electricians,Power Points,Solar Power,New Installations,Switchboards,New Homes,Safety Switches,Lighting,Rewiring,Repairs,Renovations,Solar Power"
,,,,,,
,Ozywide,Dexley NSW 2207,,,0449228052,"Carpet & Upholstery Cleaning,Upholstery Cleaning,Rug Cleaning,Sanitising & Deoderising,Carpet Steam Cleaning,Cleaning,Rental Bond & Move Out Clean,Cleaning Services - Commercial,Exterior Cleaning,Vacuum Cleaners,Window Cleaning"
,Ozy Removals,Hornsby NSW 2077,,,0450677874,"Furniture Removal,Interstate,Including Packing & Unpacking,Small Move,House Move,Corporate Move"
,Ozy Gardens,GUILDFORD NSW 2161,0452425818,,0452425818,"Fencing,Garden Maintenance,Slashing,Gardening,Weed Control,Fertilising,Pruning & Trimming,Garden Cleanup,Garden Rubbish Removal,Handyman,Basic Fencing,Picture & Mirror Hanging,Basic Painting,Odd Jobs,Basic Garden Jobs,Furniture Assembly,Landscaping & Gardening,Horticulture,Landscape Construction,Lawn & Turf,Disease And Pest Management,Laying,Lawn Mowing,Gardens"
,Ozy Concretors,Dunlop ACT 2615,,,0406944792,"Concreting,Driveways,Sealing,Cutting,House Slabs,Pumping,Concrete Retaining Walls,Grinding,Exposed Aggregate Concrete,Concrete Removal,Foundations,Reinforcement,Concrete Pools,Formwork,Coloured Concrete,Footpaths,Spray-On,Cleaning,Handyman,Basic Concreting"
www.OzzieBuilders.net ,Ozzie Building Brokers,BALMAIN NSW 2041,0400880689,,0400880689,"Bathroom,Shower Installation,Vanity Installation,Design,Builder,Repairs,Basin Installation,Tilers,Bathroom Resurfacing,Toilet Installation,Cabinet Makers,Bath Installation,Waterproofers,Building,Commercial,Building Consultants,Inspections,Certification,Building Design,Development Applications,Sustainable Building Advisor,Dispute Resolutions,Building Designer,New Homes,Energy Rating Assessors,Extensions & Additions,Unit Development,Industrial,Commercial,Sustainable Design,Inspections - Building,Owner / Builder Reports,Fire Protection Inspections,Pre-Purchase Building Reports,Commercial,Home Owner Warranty Reports,Dilapidation Reports,Pre-Purchase Property Inspections,Expert Witness Reports,Joinery,Bathroom,Windows & Doors,Kitchens,Furniture,Shop & Office Fitouts,Kitchen,Tilers,Cabinet Makers,Resurfacing,Benchtops,Kitchen Renovation,Project Management,Flat Pack Kitchens,Shopfitters,Raised Floor Installation,Project Management,Office Fit Outs,Installation,Shelving & Display Racks,Custom Design,Shop Fronts,Shop Doors"
,Ozwire Electrical Pty Ltd,Kalamunda WA 6076,,,0438 80 80 30,"Air Conditioning,Installation,Refrigeration,Split System,Evaporative Cooling,Ducted,Suppliers,Reverse Cycle,Electricians,Power Points,Switchboards,Lighting,New Installations,Security Lighting,24/7 Emergency Electricians,New Homes,Safety Switches,Home Entertainment System,Rewiring,Home Automation,Repairs,Data Cabling,Renovations,Uninterruptible Power Supply (UPS),Back Up Generators,Excavation,Trenching,Heating Systems,Maintenance,Reverse Cycle,Supply & Install,Ducted Gas Heating,Home Automation,Home Automation Systems,Consultation & Installation,Home Theatre,Trouble Shooting Service,Design & Install For New Premises,Design & Install For Existing Premises,Speakers,Televisions,Lighting,Wiring,Emergency Lighting Design & Install,Pool Lighting Design & Install,Outdoor Lighting Design & Install,Maintenance & Servicing,Repairs,Design Consultants"
,Ozwide Transport Services,"1001 Gold coast HWY, Gold coast QLD 4217",,,0400949353,"Furniture Removal,Small Move"
,Ozwide Security Solutions,Melbourne VIC 3168,,,0422062347,"Home Theatre,Design & Install For New Premises,Design & Install For Existing Premises,Speakers,Televisions,Trouble Shooting Service"
www.ozwidelocksmiths.com.au,Ozwide Locksmiths,Leopold VIC 3224,0352505278,,0417347701,"Locksmiths,24/7 Emergency,Master Key Systems,Safes,Key Cutting,Lockouts,Supply & Install,Electronic & Biometric Locks,Automotive"
,Ozz Rag Supplies,Hinchinbrook NSW 2168,,,0424352035,"Cleaning Services - Commercial,Exterior Cleaning,Builder Clean Ups,Graffiti Removal,Office Cleaning"
,Ozwide Joinery,Berrimah NT 828,0889474491,,,"Joinery,Kitchens,Furniture,Shop & Office Fitouts,Bathroom,Windows & Doors"
www.ozwhitefences.com.au,Ozwhite Fences,Acacia Ridge QLD 4110,0732737700,,0455550560,"Fencing,Aluminium,Steel,Brick,Fencing Materials,Fence Posts,Fence Panels,Fence Fittings,Fencing Suppliers,Garden Fencing Suppliers,Pool Fencing Suppliers,Security Fencing Suppliers"
,OzWest Gyprocking,Wattle Grove WA 6107,,,0400175185,"Ceilings,Insulation,Supply & Install Ceiling Insulation,Plastering & Gyprock,Dry Wall,Repairs,Ornamental,Partitioning,Solid Wall"
ozwestconstruction.com,OZWEST CONSTRUCTION & MAINTENANCE PTY LTD,Balcatta WA 6021,0894458972,,,"Balustrading,Fencing & Gates,Bricklaying,Brick Fences,Fencing,Aluminium,Temporary,Bamboo,Security,Timber,PVC,Glass,Vinyl,Colorbond Fencing,Steel,Rural Fencing,General Contractor,Brick,Fencing Materials,Fence Posts,Fence Panels,Fence Fittings,Fencing Suppliers,Security Fencing Suppliers,Pool Fencing Suppliers,Glass Fencing Suppliers,Garden Fencing Suppliers,Feng Shui,Handyman,Basic Fencing,Painters,Fence Painting,Pool Fencing,Glass Pool Fencing,Installation"
ozziehomesbc.com.au,Ozzie Homes Building Construction Pty Ltd,COOLAROO VIC 3048,,,0401110300,"Building,New Home,Re Stumping,House & Land Packages,Project Management,General Building Work,Home Extensions,Renovation,Granny Flats,Building Certifiers"
,Oztract Concreting,Woodville NSW 2321,61249301499,,,"Concreting,Footpaths,Driveways,Cutting,Concrete Removal,Coloured Concrete,Cleaning,Grinding"
www.obns.com.au,Ozy Blinds n Screens,Engadine NSW 2233,,,0424409289,"Antenna Services,Antenna Relocation,Suppliers & Installation,Digital TV Points,Foxtel, TV & Satellite,Awning Suppliers,Folding Arm Awnings,Fixed Awnings,Drop Arm Awnings,Automatic Awnings,Roller Awnings,Pergola Awnings,Awnings,Repairs,Custom Design,Installation,Blinds,Indoor,Full Service,Installers,Blinds Suppliers,Roller Blinds,PVC Cafe Blinds,Panel Glide Blinds,Vertical Blinds,Holland Blinds,Outdoor,Venetian Blinds,Timber Blinds,Roman Blinds,Cleaning,Rental Bond & Move Out Clean,Cleaning Services - Commercial,Office Cleaning,Exterior Cleaning,High Pressure Cleaning,Builder Clean Ups,Fencing,Aluminium,Floor Sanding & Polishing,Timber Floor Polishing,Timber Floor Sanding,Pergolas,Metal Pergola Builders,Pergola Screens, Windows & Doors,Custom Design,Pressure Cleaning,Paving Clean,Brick Cleaning,Driveway Clean,Roller Shutters,Security Screens & Doors,Door Install,Repairs,TV Units,Window Cleaning,Abseiling,Standard,Window Shutters,Plantation Shutters"
www.oztownconstructions.com,Oztown Constructions,"123 wirup ST, bracken Ridge QLD 4017",0405316605,,0478 697 260,"Asbestos Removal,Emergency Removal,Commercial,Small Clean-Ups,Site Decontamination,Monitoring,Inspections,Balustrading,Balconies,Stairs,Fencing & Gates,Bathroom,Builder,Repairs,Basin Installation,Tilers,Toilet Installation,Cabinet Makers,Bathroom Resurfacing,Bath Installation,Waterproofers,Shower Installation,Vanity Installation,Design,Carpenters,Renovations,Decking,Ramps,Architraves,Doors,Skirting,Handrails,Windows,Carports,Carpenter,Decking,Construction,Timber Decking,Patios,Builders,Patio Screens, Windows & Doors,Patio Cover Installations,Patio Suppliers,Repairs,Patio Cover Suppliers,Material Supplies,Staircases,Timber Staircase (External),Waterproofing,Bathroom"
,Oztop Builtin Corp Pty Ltd,Chipping Norton NSW 2170,0432651707,,0432651707,"Cabinet Making,Benchtops,Vanities,Bookcases,Kitchen Renovations,Joinery,Bathroom,Kitchens,Kitchen,Kitchen Renovation,Cabinet Makers,Wardrobe Suppliers,Wardrobes,Standalone Wardrobe Builders,Built In Wardrobe Builders,Shelving & Storage Solutions"
www.oztop.com.au,OZTOP,Woodridge QLD 4114,0733802988 - best contact,,0401633611,"Carpet Repair & Laying,Overlocking,Laying,Repairs,Stairs,Restretch,Carpet Suppliers,Carpets,Install,Tile Suppliers,Stone Tiles,Kitchen Tiles,Ceramic Tiles,Granite Tiles,Outdoor Tiles,Bathroom Tiles,Carpet Tiles,Pool Tiles,Floor Tiles,Mosaic Tiles,Wall Tiles,Marble Tiles,Vinyl & Laminate,Vinyl Strip & Seal,Vinyl Installation,Laminate Flooring Installation"
www.facebook.comu002Fozwidequalityconcretingu002F,OzWide Quality Concreting,Thornleigh NSW 2120,,,0404022244,"Concreting,Footpaths,Driveways,Concrete Retaining Walls,Pumping,Concrete Removal,Reinforcement,Concrete Pools,Foundations,Coloured Concrete,Formwork,Cleaning"
www.allfloorings.com.au,All Flooring Solutions Pty Ltd,Geebung QLD 4034,07 3855 2858,07 3855 1547,0434 248 001,"Carpets,Floor Sanding & Polishing,Timber Floor Polishing,Timber Floor Sanding,Timber Flooring"
,Ozwide Building Supplies,Ravenhall VIC 3023,0383585300- best contact numbe,,0403788182,"Bathroom Accessories,Soap Dishes & Toothbrush Holders,Toilet Roll Holders,Toilet Seats,Tapware,Shampoo & Soap Dispensers,Robe Hooks,Mirrors,Shelving & Cabinets,Shower Sets,Towel Rails & Rings,Tile Suppliers,Bathroom Tiles"
www.oztekroofing.com,Oztek Roofing,BROOKFIELD VIC 3338,0488960821,,0488960821,"Painters,Roof,Pressure Cleaning,Driveway Clean,Paving Clean,Pool Cleaning,Roof Repairs,Roof Tile Replacement,General Maintenance,Repointing,Restoration,Metal & Colorbond Roof Repairs,Roofing,Bedding & Pointing,Roofing Contractors,Metal & Colorbond Roofing,Tiled Roofing"
,OZTEC Window Shutters,,03 9390 8238,,,"Window Shutters,Windows"
www.ozstylekitchens.com.au,Ozstyle Kitchens,Armidale NSW 2350,0267720957,,,"Cabinet Making,Built-in Furniture,Bookcases,Kitchen Renovations,Benchtops,Home Office,Bathroom,Vanities,Joinery,Kitchens,Furniture,Shop & Office Fitouts,Bathroom"
,OzTastic Projects,Marsfield NSW 2122,,,0435336060,"Bathroom,Shower Installation,Tilers,Repairs,Toilet Installation,Handyman,Furniture Assembly,Basic Fencing,Basic Bricklaying,Basic Tiling,Kitchen,Tilers,Tilers,Wall Tiling,Tile & Grout Cleaning,Floor Tiling,Bathroom Tiling,Tile Removal,Kitchen Tiling,Mosaic"
www.facebook.comu002FOzStrongDoorsu002F,Ozstrong Doors,JORDAN SPRINGS NSW 2747,0468333234,,0468333234,"Garages,Garage Doors"
www.ozspy.com.auu002Fosbornepark,OzSpy Osborne Park,"69 GUTHRIE ST, OSBORNE PARK WA 6017",08 9445 3430,,0458 773 954,"Electricians,Security Lighting,Repairs,Home Security Products,Lighting,Repairs,Security,Intercom Systems,Security Lighting,CCTV,Alarm Systems"
,OZTIDY,Springvale VIC 3171,,,0406466400,"Concreting,Concrete Retaining Walls,Grinding,Concrete Removal,Foundations,Coloured Concrete,Formwork,Exposed Aggregate Concrete,Cleaning,Footpaths,Reinforcement,Driveways,Spray-On,Pumping,Cutting,Sealing,Decking,Composite Decking,Timber Decking,Suppliers,Decking Materials,Sealing & Finishing,Construction,Fencing,Bamboo,Security,Timber,PVC,Glass,Vinyl,Rural Fencing,Steel,General Contractor,Brick,Temporary,Aluminium,Rubbish Removal,Rubbish Removal Service"
www.ozspy.com.au,Ozspy Elsternwick,,03 9523 2299,,,Security
,Ozspark Electrical Contracting,CAMDEN SOUTH NSW 2570,0421411969,,0421411969,"Antenna Services,Repairs & Troubleshooting,Suppliers & Installation,Foxtel, TV & Satellite,Antenna Relocation,Digital TV Points,Electricians,Test & Tag,Home Automation,Repairs,Consultation & Installation,Home Automation Systems,Home Security Products,Home Theatre,Design & Install For New Premises,Televisions,Design & Install For Existing Premises,Trouble Shooting Service,Speakers,Lighting,Design Consultants"
,Ozz Plumbing,Reedy Creek QLD 4227,,,0426991311,"Plumbers,Toilet Installation,Hot Water Unit Installation,Hot Water Unit Repairs,General Maintenance,Plumbing Installation,Toilet Repairs"
,Oztex Australia,Craigburn VIC 3064,,,0421 678 200,"Render,Rendering,Acrylic Render,Cement Render,Bagging"
,Oztech Electrical Contractors Pty Ltd,Legana TAS 7277,,,61417520073,"Air Conditioning,Suppliers,Electricians,Safety Switches,Home Entertainment System,Rewiring,Test & Tag,Home Automation,Repairs,Solar Power,Data Cabling,Renovations,Uninterruptible Power Supply (UPS),Lighting,Power Points,Switchboards,New Installations,Security Lighting,New Homes"
,OZS Handyman Services,Sydney NSW 2000,,,0437507851,"Carpenters,Windows,Handrails,Doors,Handyman,Basic Tiling,Furniture Assembly,Shower Base Repair,Window & Door Repairs,Basic Plastering,Basic Paving,Basic Concreting,Basic Painting,Basic Fencing,Basic Carpentry,Odd Jobs,Picture & Mirror Hanging,Basic Bricklaying,Lock Repairs,Welding,Basic Garden Jobs,Shower Repairs"
,Ozroofing Pty Ltd,noosa heads QLD 4567,0418712795,,0418712795,"Painters,Roof,Roof Repairs,General Maintenance,Restoration,Roof Tile Replacement,Repointing,Roofing,Tiled Roofing,Bedding & Pointing,Roofing Contractors,Tilers,Roof Tiling"
www.ozplumb.com.au,Ozplumb,,0402207544,,,"Heating Systems,Hot Water Systems,Heat Pumps,Electric,Gas,Solar Hot Water,Service & Repairs,Installation,Plumbers,24/7 Emergency Plumbers,Backflow Systems,Hot Water Unit Repairs,Plumbing Installation,Home Renovations,Rain Water Tank Installation,General Maintenance,Toilet Repairs,Drain Repairs,Toilet Installation,New Drains,New Homes,Blocked Drains,Hot Water Unit Installation,Rainwater Tanks,Installation,Repairs,Suppliers,Poly Water Tanks"
www.ozpest.com.au,OZPest Pty Ltd,Elizabeth SA 5112,,,0447799470,"Inspections - Pest,General Inspection Reports,Termites,Thermal Imaging,Pre-Purchase Property Inspections,Pest Control,Birds,Ants,Rabbit Control,Bed Bugs,Rodent Control,Wasp Removal,Possums,Vermin,Fleas,Termites,Cockroaches,Spiders,Preconstruction Treatments,Bee Removal,Silverfish,Pest Control Products"
,OzPainting&Decorating,DANDENONG SOUTH VIC 3175,,,0411813051,"Painters,Exterior,Spray Painting,Interior,Special Finishes,Commercial,Colour Consulting,Exterior Timber Maintenance,Fence Painting"
www.ozspy.com.auu002F,OzSpy Gold Coast,"5 Benowa Pl Cnr Ashmore Rd & Rac PL, Bundall QLD 4217",0755922225,,,"Security,Access Control,Intercom Systems,CCTV,Alarm Systems"
,Ozpaint & Decorating Services,Greenacre NSW 2190,,,0452122273,"Floor Sanding & Polishing,Stone Polishing,Timber Floor Polishing,Timber Floor Sanding,Concrete Polishing,Painters,Colour Consulting,Fence Painting,Interior,Spray Painting,Special Finishes,Commercial"
,Ozone Tiling Pty Ltd,,,,0426761769,"Bathroom,Waterproofers,Tilers,Splashbacks,Showrooms,Tilers,Bathroom Tiling,Kitchen Tiling,Wall Tiling,Floor Tiling,Grouting & Regrouting ,Tile Removal,Mosaic,Outdoor Paving,Waterproofing,Ponds & Water Features,Bathroom,Balconies,Chimney,Rising Damp,Seal Showers,Grout Seepage"
www.ozthatch.com.au,OZ Thatch,,1800 842 824 (1800 THATCH),07 3382 6022,,"Decking,Suppliers,Decking Materials,Fencing,Bamboo,Gazebo,Gazebos Suppliers,Construction,Design & Build,Pergolas"
,Ozone Pressure Cleaning,Rosebud VIC 3939,,,0447894488,"Cleaning Services - Commercial,High Pressure Cleaning,Pressure Cleaning,Brick Cleaning,Driveway Clean,Graffiti Removal,Paving Clean,Pool Cleaning"
www.ozset.com.au,Ozset Homes,Burpengary QLD 4505,,,0410637454,"Building,House & Land Packages,Project Management,General Building Work,Granny Flats,Home Extensions,Re Stumping,Renovation,New Home,Commercial,Carports,Builder,Extensions & Additions,Builders,Garages,Builders,Gazebo,Design & Build,Patios,Builders,Pergolas,Timber Pergola Builders,Metal Pergola Builders"
ozonelandscapes.com,Ozone Landscapes,CARINGBAH SOUTH NSW 2229,0405626612,,0405626612,"Decking,Sealing & Finishing,Construction,Composite Decking,Suppliers,Timber Decking,Decking Materials,Fencing,Glass,Garden Maintenance,Fertilising,Garden Rubbish Removal,Pruning & Trimming,Slashing,Gardening,Weed Control,Garden Cleanup,Glass Balustrades,Landscaping & Gardening,Horticulture,Project Management,Landscape Construction,Landscape Design,Lawn & Turf,Disease And Pest Management,Laying,Supply,Paving,Paths,Garden Edges,Pool Fencing,Glass Pool Fencing,Render,Rendering,Cement Render,Acrylic Render,Retaining Walls,Timber Retaining Walls,Stone Retaining Walls,Concrete Retaining Walls"
,Ozone Design Pty Ltd,Seaford VIC 3198,,,0412388100,"Building Designer,New Homes,Extensions & Additions"
,Ozone Design Pty Ltd,Seaford VIC 3198,,,0412 388 100,"Architecture,New Homes,Extensions,Heritage & Conservation,Building Audits,Sustainable Design,Residential,Development Approvals,Commercial,Tender,Project Management,Inspections - Building,Pre-Purchase Building Reports,Pre-Purchase Property Inspections,Inspections - Pest,General Inspection Reports,Termites,Thermal Imaging,Pre-Purchase Property Inspections"
,Ozscapes,Jimboomba QLD 4280,,,0409 748 293,"Carpenters,Decking,Handyman,Basic Paving,Landscaping & Gardening,Horticulture,Landscape Construction,Lawn & Turf,Disease And Pest Management,Synthetic Turf Supply & Install,Laying,Supply,Paving,Patios,Driveways,Paths,Garden Edges,Pool Areas,Paving Supply,Concrete Pavers,Stone Pavers,Retaining Walls,Timber Retaining Walls,Stone Retaining Walls,Concrete Retaining Walls"
,Ozone Complete Property Services,BELLEVUE HILL NSW 2023,1300793547,,0434110990,"Appliance Repairs,Vacuum Cleaners,Carpet & Upholstery Cleaning,Carpet Steam Cleaning,Carpet Dry Cleaning,Upholstery Cleaning,Rug Cleaning,Carpet & Fabric Protection,Sanitising & Deoderising,Cleaning,Rental Bond & Move Out Clean,Home Cleaners,Washing & Ironing,Oven Cleaning,Tile & Grout,Duct Cleaning,BBQ Cleaning,One Off Clean,Cleaning Products,Concreting,Cleaning,Garden Maintenance,Garden Cleanup,Gutter Cleaning,Roof Gutters,Commercial,Stormwater Pits & Drains,Pool Maintenance,Pool Cleaning Service,Pressure Cleaning,Pool Cleaning,Brick Cleaning,Driveway Clean,Graffiti Removal,Paving Clean,Solar Power,Solar Panel Cleaners,Tilers,Tile & Grout Cleaning,Vacuum Cleaners,Window Cleaning,Standard,Abseiling"
,Ozmetal And Rubber,Seven Hills NSW 2147,0433787030,,0433787030,"Building Supplies,Aluminium,Scaffolding,Suppliers"
www.ozmist.com.auu002F,Ozmist,Wangaratta VIC 3677,1300306478,,,"Air Conditioning,Suppliers"
,ozman constructions(aust) pty ltd,Lyndhurst VIC,0418 288 827,,,"Plastering & Gyprock,Repairs,Ornamental,Partitioning,Dry Wall"
www.ozlinx.com,OZLINX Solutions Australia Pty Ltd,"14u002F820 Princes HWY, Springvale VIC 3171",0395462855,,0457086924,"Security,Access Control,Intercom Systems,CCTV,Alarm Systems"
www.ozlit.com.auu002F,Ozlit Pty Ltd,Florey ACT 2615,0432618234  ,,0432618234  ,"Appliance Repairs,Refrigerators,Ovens & Range Hoods,Television Repairs,Microwaves,Stoves & Cooktops,Heaters,Air Conditioners,Dishwashers,Hot Water Systems,Vacuum Cleaners,Washing Machines,Clothes Dryers,Electricians,Data Cabling,New Homes,Repairs,Switchboards,Test & Tag,Back Up Generators,Home Entertainment System,Renovations,Security Lighting,Solar Power,Lighting,Home Automation,Power Points,Safety Switches,24/7 Emergency Electricians,Fibre Optic Cables,New Installations,Rewiring,Uninterruptible Power Supply (UPS),Equipment Hire,Excavator,Bobcat,Excavation,Post Hole Digging,Earth Moving,Home Automation,Home Automation Systems,Repairs,Consultation & Installation,Kitchen Appliances,Rangehoods,Ovens,Lighting Suppliers,LED Lights,Down Lights,Architectural Lighting,Wall Lights,Outdoor Lighting Suppliers,Commercial Lighting,Underfloor Heating"
www.facebook.comu002Fozlinkcleaningservicesu002F?ref=page_internal,Ozlink facility services,CLAYFIELD QLD 4011,0405051807,,0405051807,"Carpet & Upholstery Cleaning,Carpet Dry Cleaning,Upholstery Cleaning,Rug Cleaning,Carpet & Fabric Protection,Sanitising & Deoderising,Carpet Steam Cleaning,Cleaning Services - Commercial,Office Cleaning,Exterior Cleaning,High Pressure Cleaning,Graffiti Removal,Pressure Cleaning,Pool Cleaning,Brick Cleaning,Driveway Clean,Graffiti Removal,Paving Clean,Solar Power,Solar Panel Cleaners,Tilers,Tile & Grout Cleaning,Vacuum Cleaners,Window Cleaning,Abseiling,Standard"
www.ozsecalarms.com.au,OzSec Alarms,Ruse NSW 2560,,,0418432512,"Security,CCTV,Alarm Systems,Access Control,24 Hour Monitoring,Intercom Systems,Security Lighting,Security Card Access"
,Ozline Building Service,Toronto NSW 2283,,,0407143463,"Plastering & Gyprock,Ornamental,Partitioning,Solid Wall,Dry Wall,Repairs"
www.ozlighting.com.au,OzLighting,Sydney NSW 2000,1300858360,,,"Lighting Suppliers,Down Lights,Architectural Lighting,Wall Lights,Commercial Lighting,Outdoor Lighting Suppliers,LED Lights"
www.ozoneairconditioning.com.au,Ozone Air Conditioning,Double Bay NSW 2028,0293582121,,,"Air Conditioning,Installation,Reverse Cycle,Repairs & Maintenance,Refrigeration,Split System,Evaporative Cooling,Ducted,Suppliers,Air Conditioners"
www.ozpest.com,Ozpest Adelaide,Elizabeth SA 5112,0886131436,,,"Inspections - Pest,Termites,Thermal Imaging,Pre-Purchase Property Inspections,General Inspection Reports,Pest Control,Bee Removal,Rodent Control,Termites,Birds,Ants,Possums,Spiders,Bed Bugs,Fleas,Silverfish,Wasp Removal,Cockroaches,Rabbit Control,Vermin,Preconstruction Treatments"
WWW.OZMOWBRO.COM.AU,OZMOWBRO. Lawn Mowing,Cranbourne VIC 3977,,,0413618848,"Garden Maintenance,Pruning & Trimming,Garden Cleanup,Garden Rubbish Removal,Slashing,Gardening,Weed Control,Fertilising,Lawn Mowing,Larger Fields,Gardens"
,Ozlay tiling,Dianella WA 6059,,,0432591932,"Tilers,Mosaic,Tile Resurfacing,Outdoor Paving,Bathroom Tiling,Wall Tiling,Kitchen Tiling,Floor Tiling,Tile Removal"
,Ozland Homes,Mount Pritchard NSW 2170,1300 795 967,,0412 010 309,"Building,House & Land Packages,Granny Flats,Home Extensions,Renovation,New Home,Commercial,Extensions & Additions,Garages,2nd Storey Additions,Ground Floor Extensions,Builders"
,Ozman Removals,Merrylands NSW 2160,,,0432639091,"Furniture Removal,Interstate,Including Packing & Unpacking,Small Move,House Move,Corporate Move"
,Ozmak Electrical,Pacific Pines QLD 4211,,,0410934749,"Electricians,Test & Tag,Lighting,Renovations,Uninterruptible Power Supply (UPS),24/7 Emergency Electricians,Power Points,Switchboards,New Installations,Security Lighting,New Homes,Safety Switches,Home Entertainment System,Rewiring,Home Automation,Repairs"
,OZKORP CONSTRUCTIONS PTY LTD,ST MARYS NSW 2760,0431134785,,0431134785,"Cabinet Making,Kitchen Renovations,Carpenters,Renovations,Windows,Decking,Doors,Architraves,Skirting,Carports,Carpenter,Decking,Construction,Timber Decking,Suppliers,Decking Materials,Composite Decking,Sealing & Finishing,Fencing,Bamboo,Colorbond Fencing,Aluminium,General Contractor,Temporary,Gazebo,Gazebos Suppliers,Construction,Design & Build,Handyman,Lock Repairs,Basic Garden Jobs,Furniture Assembly,Basic Tiling,Window & Door Repairs,Basic Paving,Basic Plastering,Basic Carpentry,Basic Fencing,Basic Painting,Picture & Mirror Hanging,Odd Jobs,Kitchen,Kitchen Renovation,Painters,Exterior,Commercial,Interior,Colour Consulting,Exterior Timber Maintenance,Fence Painting,Patios,Material Supplies,Patio Cover Suppliers,Builders,Patio Screens, Windows & Doors,Patio Cover Installations,Repairs,Patio Suppliers,Paving,Pool Areas,Patios,Driveways,Paths,Garden Edges,Pergolas,Custom Design,Pergola Covers,Metal Pergola Builders,Timber Pergola Builders,Pergola Screens, Windows & Doors,Including Council Approval Service,Construction"
,Ozkey Pty Ltd,Cordeaux Heights NSW 2526,0448022023,,61 438 709 929 ,"Bathroom,Repairs,Complete Bathroom Renovation,Cabinet Makers,Builder,Cabinet Making,Kitchen Renovations,Bathroom,Carpenters,Ramps,Formwork,Architraves,Doors,Windows,Skirting,Decking,House Frames,Handrails,Renovations,Handyman,Basic Painting,Basic Concreting,Basic Carpentry,Basic Fencing,Basic Plastering,Joinery,Bathroom,Kitchens,Kitchen,Flat Pack Kitchens"
www.ozinn.com.au,OZINN PTY LTD,Arndelle Park NSW 2148,,,0430057273,"Tile Suppliers,Wall Tiles,Marble Tiles,Stone Tiles,Kitchen Tiles,Ceramic Tiles,Granite Tiles,Outdoor Tiles,Bathroom Tiles,Carpet Tiles,Pool Tiles,Floor Tiles,Mosaic Tiles"
,OziePaint Services,Brighton VIC 3204,0411677461,,0411677461,"Painters,Interior,Colour Consulting,Exterior Timber Maintenance,Spray Painting,Fence Painting,Special Finishes,Exterior,Commercial"
,Ozi spraying services,Cranbourne VIC 3977,,,0424911327,"Painters,Colour Consulting,Exterior Timber Maintenance,Fence Painting,Exterior,Spray Painting,Interior,Special Finishes,Commercial"
,Ozlec,Delacombe VIC 3356,,,0450099275,"Electricians,Repairs,Test & Tag,Fibre Optic Cables,Renovations,Uninterruptible Power Supply (UPS),Data Cabling,Power Points,Switchboards,Back Up Generators,New Installations,Security Lighting,Lighting,New Homes,Safety Switches,24/7 Emergency Electricians,Home Entertainment System,Rewiring,Home Automation"
www.ozmowsis.com.au,Ozmowsis Parks and Gardens,Cranbourne East VIC 3977,,,0414564899,"Landscaping & Gardening,Project Management,Landscape Construction,Landscape Design,Horticulture,Lawn Mowing,Larger Fields,Gardens"
,Ozi Sheds PTY LTD,Green valley NSW 2168,,,0433 857 459,"Handyman,Furniture Assembly,Picture & Mirror Hanging,Window & Door Repairs,Basic Plastering,Basic Concreting,Basic Painting,Basic Carpentry,Odd Jobs,Lock Repairs,Basic Garden Jobs,Basic Fencing,Sheds,Shed Builders,Suppliers"
,Ozi Electrical,Kurrajong NSW 2758,,,0412209900,"Electricians,New Homes,Safety Switches,Data Cabling,Rewiring,Back Up Generators,Repairs,Test & Tag,Lighting,Renovations,Uninterruptible Power Supply (UPS),Power Points,Switchboards,New Installations,Security Lighting"
,OZ Building & Pest Pty Ltd,Clearview SA 5085,0410708765,,0410708765,"Inspections - Pest,Termites,Pest Control,Spiders,Silverfish,Rodent Control,Birds,Possums,Bed Bugs,Fleas,Wasp Removal,Cockroaches,Termites,Ants,Pest Control Products,Termite Control Products"
,Ozi All Works and Maintence,Oakhurst NSW 2761,0416032439,,0416032439,"Handyman,Furniture Assembly,Basic Tiling,Window & Door Repairs,Shower Base Repair,Basic Concreting,Basic Painting,Basic Paving,Basic Carpentry,Odd Jobs,Basic Fencing,Lock Repairs,Picture & Mirror Hanging,Basic Garden Jobs,Welding"
www.ozgroupconstructions.com.au,Ozgroup Constructions Pty Ltd,Arncliffe NSW 2205,,,0404 667 046,"Asphalt,Building,New Home,Granny Flats,Home Extensions,Concreting,Driveways,Exposed Aggregate Concrete,Concrete Retaining Walls,Reinforcement,Concrete Removal,Grinding,Pumping,Coloured Concrete,Foundations,Formwork,Footpaths,Excavation,Confined Space (mini excavator),Trenching,Site-Cuts,Post Hole Digging,Pool Excavations,Earth Moving,Compacting,Retaining Walls,Concrete Retaining Walls"
,Ozland Concrete & Excavations,Bonnyrigg Heights NSW 2177,,,0411889117,"Concreting,Driveways,Exposed Aggregate Concrete,Concrete Removal,Coloured Concrete,Spray-On,Sealing,Formwork,Footpaths,Pumping,Handyman,Basic Concreting"
www.ozgroupconstructions.com.au,ozgroup constructions,Ramsgate NSW 2217,1300887321,,,"Building,General Building Work,Home Extensions,Granny Flats,Renovation,Commercial,New Home,Project Management"
www.titanturf.com.au,Ozgreen Solutions Pty Ltd,"Unit 2u002F10 Kitawah ST, Lonsdale SA 5160",,,0418 675 278,"Landscape Architecture,Project Management,Landscape Construction,Landscaping & Gardening,Horticulture,Project Management,Landscape Construction,Lawn & Turf,Synthetic Turf Supply & Install,Laying,Supply,Paving,Garden Edges,Pool Areas,Patios,Driveways,Paths,Retaining Walls,Stone Retaining Walls,Water Features,Installation,Construction,Suppliers"
Www.ozgtiling.com.au ,Ozgood Tiling,,,,0403 089 798,"Bathroom,Tilers,Waterproofers,Tilers,Tile Resurfacing,Outdoor Paving,Bathroom Tiling,Wall Tiling,Kitchen Tiling,Floor Tiling,Tile Removal,Mosaic,Waterproofing,Caulking,Seal Showers,Grout Seepage,Ponds & Water Features,Bathroom,Balconies,Tile Seepage,Chimney,Rising Damp"
,Ozghan Fencing and Retaining walls,Hampton Park VIC 3976,,,0452 025 080,"Balustrading,Fencing & Gates,Decking,Construction,Fencing,Glass,Colorbond Fencing,Steel,Aluminium,Timber,Retaining Walls,Timber Retaining Walls,Stone Retaining Walls,Concrete Retaining Walls,Material Suppliers"
www.ozfixcarpentry.com.au,Ozfix Carpentry Pty Ltd,Fairlight NSW 2094,0404 770 874,,,"Carpenters,Decking,Renovations,House Frames,Architraves,Ramps,Skirting,Doors,Handrails,Windows,Carports,Carpenter,Cladding,Wall,Internal,External,Timber,Vinyl,Decking,Construction,Timber Decking,Extensions & Additions,Ground Floor Extensions,Handrails,Balconies,Stairs,Kitchen,Kitchen Renovation,Pergolas,Construction,Custom Design,Metal Pergola Builders,Timber Pergola Builders,Privacy Screens,Timber Flooring,Timber Floor Repairs,Solid Timber Floor Installation,Floating Timber Floor Installation,Timber Floor Installation,Verandahs"
oziwi.com.au,Oziwi Roofing & Guttering Pty Ltd,Maryland NSW 2287,,,0421321458,"Guttering,Install Steel Gutters,Install Downpipes,Install Gutters,Gutter Guards,Roofing,Roofing Contractors,Metal & Colorbond Roofing,Bedding & Pointing"
,Ozex Civil Pty Ltd,Guildford NSW 2161,0481147981,,0412059989-Joanne,"Excavation,Pit Installation,Horizontal Directional Drilling,Under Road Boring,Earth Moving,Trenching,Compacting,Site-Cuts,Boring,Post Hole Digging,Pool Excavations,Confined Space (mini excavator),Garden Maintenance,Garden Rubbish Removal,Rubbish Removal,Rubbish Removal Service"
,Oze Constructions,Cranbourne VIC 3977,0470058791,,0470058791,"Handyman,Basic Painting,Painters,Fence Painting,Spray Painting,Exterior,Special Finishes,Interior,Commercial,Colour Consulting,Roof,Exterior Timber Maintenance"
,Ozcuts Maintenance & Landscaping,Carrara QLD 4211,,,0438132311,"Garden Maintenance,Garden Rubbish Removal,Slashing,Gardening,Weed Control,Fertilising,Pruning & Trimming,Garden Cleanup,Landscaping & Gardening,Horticulture,Lawn & Turf,Disease And Pest Management"
,Ozcuts,Robina QLD 4226,0755274952,,0438133311,"Garden Maintenance,Fertilising,Pruning & Trimming,Garden Cleanup,Garden Rubbish Removal,Slashing,Gardening,Weed Control"
www.instagram.comu002Foz.creteu002F,OZCRETE CONCRETING,Meadow Heights VIC 3048,0423731464,,0423731464,"Concreting,Driveways,Concrete Retaining Walls,Coloured Concrete,Exposed Aggregate Concrete,Foundations,Formwork,Footpaths"
,Ozcrete Concrete Products,Normanville SA 5204,0885582686,,,"Building Supplies,Concrete,Paving Supply,Concrete Pavers"
www.ozcoolrooms.com.auu002F,Ozcoolrooms & Winerooms,Hillarys WA 6025,,,0424892838,"Drawers,Wine Racks"
,Ozcon Concreting,Greenvale VIC 3059,,,0426293340,"Paving,Driveways"
www.ozcoatpainting.com.au,Ozcoat Painting Service,Thorlie WA 6108,,,0425 663 690,"Painters,Interior,Commercial,Colour Consulting,Roof,Exterior Timber Maintenance,Fence Painting,Spray Painting,Exterior,Special Finishes,Wallpapering,Installation"
,OZCORP STATE SERVICES PTY. LTD.,East Hills NSW 2213,,,0490700107,"Cleaning,Rental Bond & Move Out Clean,Home Cleaners,Tile & Grout,Duct Cleaning,Oven Cleaning,BBQ Cleaning,One Off Clean,Cleaning Services - Commercial,Office Cleaning,Exterior Cleaning,High Pressure Cleaning,Builder Clean Ups,Graffiti Removal,Gutter Cleaning,Commercial,Stormwater Pits & Drains,Roof Gutters,Lawn Mowing,Larger Fields,Gardens,Pressure Cleaning,Pool Cleaning,Brick Cleaning,Driveway Clean,Graffiti Removal,Paving Clean,Window Cleaning,Abseiling,Standard"
,Ozcoast Constructions,"194 Avoca DRV, Green Point NSW 2251",02 4369 4390,02 4369 0210,0405 357 960,"Building,Home Extensions,Renovation,Granny Flats,New Home,Extensions & Additions,Garages,2nd Storey Additions,Ground Floor Extensions,Builders"
www.ozcoengineering.com.auu002F,Ozco Engineering,Moorebank NSW 2170,,,0451977704,"Building Supplies,Steel,Fencing,Aluminium,Steel,Garages,Steel Garages"
,Ozchoice Roofing,Hazelbrook NSW 2779,,,0407261629,"Concrete Waterproofing Materials,Damp Proofing,Gutter Cleaning,Roof Gutters,Gutter Protection,Guttering,Gutter Guards,Painters,Roof,Roof Materials ,Roof Tiles,Roof Accessories,Roof Repairs,General Maintenance,Restoration,Metal & Colorbond Roof Repairs,Roof Tile Replacement,Repointing,Roofing,Bedding & Pointing,Tiled Roofing,Ventilation,Roof Ventilation"
,Ozcat Contracting Pty Ltd,Burpengary QLD 4505,0738884745,,0416195235,"Excavation,Earth Moving,Site-Cuts,Compacting,Service Location,Boring,Post Hole Digging,Pool Excavations,Confined Space (mini excavator),Pit Installation,Under Road Boring,Horizontal Directional Drilling,Trenching"
www.ozcangroup.com.au,Ozcan Construction Group,Campbellfield VIC 3061,,0393051204,0427999941,"Building,New Home"
,Ozbuild,OLD BEACH TAS 7017,,(03) 6263 7760,0409 127 433,"Building,Home Extensions,New Home,Extensions & Additions,Ground Floor Extensions,Builders,Garages,2nd Storey Additions"
www.ozbrick.com.au,Ozbrick Pty Ltd,Parramatta NSW 2150,0425807705,,0425807705,"Bricklaying,Piering,Brick Pointing,Brick Fences,Extensions,Alterations & Additions,New Building,Fireplaces,Cladding,Brick,Fencing,Brick,Handyman,Basic Bricklaying"
ozbozconstructions.com.auu002F,Ozboz Constructions,"Unit 2 #15 Elwick PL, Bracken Ridge QLD 4017",,,0447 830 594,"Building Supplies,Plasterboard,Carpenters,Windows,Renovations,Decking,Ramps,Architraves,Doors,Skirting,Handrails,Formwork"
www.ozbathroom.com.au,ozbathroom,"Unit 1, 75 Main RD, Clayton South VIC 3169",03 9548 4079,,0421621855,"Bathroom Accessories,Toilet Seats,Tapware,Bathroom Fittings,Heated Towel Rails,Bathroom Taps,Shower Heads,Bathroom Vanities,Kitchen Fittings,Kitchen Taps,Kitchen Sinks,Tile Suppliers,Kitchen Tiles,Bathroom Tiles"
,Ozanis Services Pty Ltd,"18 Joyce ST, Fairfield NSW 2165",,,0415501372,"Painters,Colour Consulting,Roof,Fence Painting,Exterior,Spray Painting,Interior,Special Finishes,Commercial"
,OZ'S MASTER PAINTING,Marrickville NSW 2204,0295598896,,0415656999,"Carpenters,Handrails,Skirting,Renovations,Formwork,Windows,Decking,Ramps,Doors,Architraves,Carports,Carpenter,Painters,Roof,Spray Painting,Exterior Timber Maintenance,Special Finishes,Fence Painting,Commercial,Exterior,Colour Consulting,Interior,Waterproofing,Bathroom,Balconies,Caulking"
,Ozie Fencing Pty Ltd,CLYDE NORTH VIC 3978,0412715910,,0426699426,"Fencing,Timber,Colorbond Fencing,Gates,Supply & Install,Custom Gates,Gate Suppliers"
www.ozslandscaping.com.au,OZ'S Landscaping Paving & Construction Pty Ltd,Mentone VIC 3194,,,0417 556 269,"Decking,Composite Decking,Timber Decking,Landscaping & Gardening,Horticulture,Project Management,Landscape Construction,Landscape Design,Lawn & Turf,Synthetic Turf Supply & Install,Patios,Repairs,Paving,Paths,Garden Edges,Pool Areas,Patios,Driveways,Pergolas,Timber Pergola Builders,Pool Builders,Pool Inspections,Repairs,Resurfacing,Renovation,Retaining Walls,Timber Retaining Walls,Stone Retaining Walls,Concrete Retaining Walls,Spas,Showrooms,Spa Baths,Spa Installation,Water Features,Installation,Custom Design,Construction,Suppliers"
,Oz.iHouse,Chatswood NSW 2067,,,0430 088 811,"Bathroom,Complete Bathroom Renovation,Design,Tilers,Waterproofers,Repairs,Kitchen,Tilers,Kitchen Renovation,New Kitchen,Project Management,Tilers,Tile Resurfacing,Roof Tiling,Wall Tiling,Outdoor Paving,Floor Tiling,Bathroom Tiling,Tile Removal,Kitchen Tiling,Mosaic,Tile & Grout Cleaning,Waterproofing,Ponds & Water Features,Pools,Bathroom,Tile Seepage,Balconies,Rising Damp,Chimney,Seal Showers,Caulking,Grout Seepage"
,OZ-TRACK EXCAVATIONS,FAIRFIELD EAST NSW 2165,0408494863,,0408494863,"Concreting,Foundations,Concrete Removal,Excavation,Post Hole Digging,Confined Space (mini excavator),Pit Installation,Horizontal Directional Drilling,Earth Moving,Under Road Boring,Compacting,Site-Cuts,Boring,Service Location,Retaining Walls,Concrete Retaining Walls,Timber Retaining Walls,Stone Retaining Walls,Rubbish Removal,Skip & Bin Hire,Rubbish Removal Service"
www.ozshut.com.auu002F,OzShut,Malaga WA 6090,132068 Best Contact,,0413564367,"Roller Shutters,Window Shutters,Installation Only,External Shutters,Custom Design & Install"
,Oz wiz co,KELLYVILLE NSW 2155,0452490166,,0452490166,"Painters,Roof,Exterior Timber Maintenance,Fence Painting,Spray Painting,Exterior,Special Finishes,Interior,Commercial,Colour Consulting"
,Oz Wide Rigging,WARRANE TAS 7018,,,0419504462,"Concreting,Reinforcement,Coloured Concrete,Footpaths,Spray-On,Cleaning,Driveways,Sealing,Cutting,House Slabs,Concrete Retaining Walls,Grinding,Pumping,Concrete Removal,Foundations,Exposed Aggregate Concrete,Concrete Pools,Formwork"
www.oz-wide.com.au,Oz Wide Flooring & Fencing,Dandenong South VIC 3175,,,0414446739,"Carpets,Fencing Materials,Fence Posts,Fence Panels,Fence Fittings,Fencing Suppliers,Security Fencing Suppliers,Tile Suppliers,Carpet Tiles"
www.ozwholesales.com.au,OZ Wholesale Suppliers Pty LTD,Carrum Downs VIC 3201,0397865756,,,"Shower Screens,Suppliers,Custom Design"
,Oz Welding & Fencing,Campbellfield VIC 3061,,,0408 302 153,"Fencing,Steel,Handyman,Welding"
www.ozwardrobes.com.au,Oz Wardrobes Brisbane South,"unit 1 3471 Ipswich Rd, unit 1 3471 Ipswich Rd RD, Wacol QLD 4076",0738794088,,0738794088,"Wardrobes,Built In Wardrobe Builders,Shelving & Storage Solutions"
u002Fu002Foz-wardrobes-brisbane-north.business.site,Oz Wardrobes Brisbane North,LAWNTON QLD 4501,07 3142 5336,,,"Wardrobe Suppliers,Wardrobes,Standalone Wardrobe Builders,Built In Wardrobe Builders,Shelving & Storage Solutions"
,OZ1PLASTA,"PO Box 359, Pomona QLD 4568",,,0408 564 194,"Building Supplies,Plasterboard,Handyman,Shower Base Repair,Basic Concreting,Basic Plastering,Basic Paving,Basic Carpentry,Basic Painting,Basic Fencing,Basic Bricklaying,Odd Jobs,Picture & Mirror Hanging,Lock Repairs,Basic Garden Jobs,Basic Tiling,Furniture Assembly,Plastering & Gyprock,Dry Wall,Repairs,Ornamental,Partitioning,Solid Wall"
,Oz Victoria Painting and Decorating Services Pty Ltd,Fawkner VIC 3060,,,0421812721,"Interior Decorating,Fabric,Wallpapering,Soft Furnishing Suppliers,Colour Consultancy,Painters,Special Finishes,Colour Consulting,Exterior Timber Maintenance,Fence Painting,Exterior,Interior,Spray Painting"
,Oz Trans. Daylesford,Faislos VIC 3461,,,0407697877,"Furniture Removal,Corporate Move,Interstate,Including Packing & Unpacking,House Move"
,Oz Trade Services,Auburn NSW 2144,,,0490041508,"Handyman,Basic Tiling,Furniture Assembly,Shower Base Repair,Window & Door Repairs,Basic Plastering,Basic Paving,Basic Concreting,Basic Painting,Basic Fencing,Basic Carpentry,Odd Jobs,Picture & Mirror Hanging,Basic Bricklaying,Lock Repairs,Welding,Basic Garden Jobs"
mawardrobes.com.auu002F,Oz Top Built In Wardrobes,"10u002F25 Childs RD, Chiping Norton NSW 2163",0297551260,,0414512919,"Wardrobe Suppliers,Wardrobes,Built In Wardrobe Builders,Shelving & Storage Solutions,Standalone Wardrobe Builders"
www.oztileandtimberflooring.com.auu002F,OZ TIMBER AND TILE PTY LTD,Milperra NSW 2214,0287102318,,0430943030,"Bamboo Flooring,Splashback Suppliers,Timber Flooring,Floating Timber Floor Installation,Timber Floor Installation,Timber Flooring Suppliers,Timber Floor Repairs,Timber Floor Coatings,Solid Timber Floor Installation,Vinyl & Laminate,Vinyl Installation,Laminate Flooring Installation"
,Oz Tiling Services,Faulkner VIC 3060,,,0403126463,"Handyman,Basic Tiling,Tilers,Wall Tiling,Floor Tiling"
www.projectorscreens.com.au,Oz Theatre Screens,Jacobs Well QLD 4208,,,0402424177,Home Theatre
www.topdeckflooring.com.au,OZ Trading Pty Ltd,HURSTVILLE NSW 2220,0433786688,,0433786688,"Carpet Repair & Laying,Stairs,Restretch,Overlocking,Laying,Repairs,Floor Coatings,Timber Floor Coating,Liming,Antislip Surfacing,Epoxy Floor Coating,Floor Sanding & Polishing,Stone Polishing,Timber Floor Polishing,Timber Floor Sanding,Concrete Polishing,Plastering & Gyprock,Repairs,Ornamental,Partitioning,Solid Wall,Dry Wall,Timber Flooring,Timber Floor Installation,Timber Flooring Suppliers,Timber Floor Repairs,Timber Floor Coatings,Solid Timber Floor Installation,Floating Timber Floor Installation,Vinyl & Laminate,Vinyl Strip & Seal,Vinyl Installation,Laminate Flooring Installation,Benchtops"
www.ozstair.com.au,Oz Stair,"Warehouse 8, Road, NSW , 45  Davies  RD, Padstow  NSW 2211",1300 365 539,0295215211,,"Balustrading,Balconies,Stairs,Staircases,Timber Staircase (External),Timber Staircase (Internal),Staircase Design + Build,Balustrading"
,Oz Spray 'N' Pave,Canley Heights NSW 2166,0421826461,,0424209999,Paving
,Ozbestos Removal,,,,0402 196 906,"Asbestos Removal,Emergency Removal,Commercial,Small Clean-Ups,Site Decontamination"
,Oz Tiling and Stone,Woodridge QLD 4114,,,0450 748 683,"Bath & Basin Resurfacing,Shower,Tiles,Basin,Bath,Bathroom,Bathroom Resurfacing,Tilers,Cleaning,Tile & Grout,Handyman,Basic Tiling,Kitchen,Resurfacing,Tilers,Limestone,Marble Stone,Natural Stone,Stonemasonry,Restoration & Repairs,Tilers,Tile & Grout Cleaning,Tile Resurfacing,Outdoor Paving,Wall Tiling,Bathroom Tiling,Floor Tiling,Kitchen Tiling,Tile Removal,Mosaic"
,Oz Spark Group,AITKENVALE QLD 4814,0417447717,,0417447717,"Antenna Services,Antenna Relocation,Repairs & Troubleshooting,Suppliers & Installation,Foxtel, TV & Satellite,Digital TV Points,Electricians,Back Up Generators,Home Entertainment System,Renovations,Security Lighting,Lighting,Home Automation,Power Points,Safety Switches,Test & Tag,24/7 Emergency Electricians,Fibre Optic Cables,New Installations,Rewiring,Uninterruptible Power Supply (UPS),Solar Power,Data Cabling,New Homes,Repairs,Switchboards,Home Automation,Repairs,Consultation & Installation,Home Automation Systems,Home Security Products,Home Theatre,Design & Install For Existing Premises,Televisions,Trouble Shooting Service,Design & Install For New Premises,Speakers,Lighting,Design Consultants,Outdoor Lighting Design & Install,Wiring,Maintenance & Servicing,Repairs,Emergency Lighting Design & Install,Install,Pool Lighting Design & Install"
,Oz Spark,Miranda NSW 2228,,0295923679,0405712950,"Electricians,New Installations,Security Lighting,New Homes,Safety Switches,Home Entertainment System,Rewiring,Home Automation,Repairs,Test & Tag,Fibre Optic Cables,Renovations,Uninterruptible Power Supply (UPS),Data Cabling,Power Points,Switchboards,Lighting"
www.ozstrip.com.auu002F,Oz Strip,Quinns Rocks WA 6030,,,0400577682,"Demolition,Strip Outs,Tilers,Tile Removal"
,Oz Solid Construction,Green Fields SA 5107,,,0426287491,Verandahs
,OZ STRUCTURAL ENGINEERING CONSULTANT,Hornsby NSW 2077,,,0433725568,Engineering - Structural
ozshadesqld.com.auu002F,OZ SHADES QLD PTY LTD,HELENSVALE QLD 4212,,,0421 055 488,"Awning Suppliers,Folding Arm Awnings,Fixed Awnings,Drop Arm Awnings,Automatic Awnings,Roller Awnings,Awnings,Custom Design,Installation,Blinds,Indoor,Full Service,Blinds Suppliers,Roman Blinds,Roller Blinds,PVC Cafe Blinds,Pleated Blinds,Vertical Blinds,Panel Glide Blinds,Venetian Blinds,Holland Blinds,Timber Blinds,Outdoor,Curtains,Custom Made,Ready Made,Accessories,Privacy Screens,Window Shutters,Custom Design & Install,Timber Shutters,Plantation Shutters,Venetian Shutters,Louvre Shutters,External Shutters"
www.ozroof.com.au,OZ Roof (Buildrite),Merrylands West NSW 2160,,,0411391622,"Guttering,Install Steel Gutters,Install Downpipes,Install Gutters,Roof Repairs,Roof Tile Replacement,Repointing,General Maintenance,Restoration,Roofing,Metal & Colorbond Roofing,Tiled Roofing,Roofing Material Suppliers,Bedding & Pointing,Roofing Contractors"
,Oz Rock Excavations,"30 Blue Bell DRV, Wamberal NSW 2260",,,0424 413 987,"Excavation,Confined Space (mini excavator),Site-Cuts,Earth Moving,Retaining Walls,Stone Retaining Walls,Stonemasonry,Stone Walls"
,Oz Rock Construction Pty Ltd,,,,0418 409 705,"Bricklaying,Concreting"
www.ozrobes.net,Oz Robes,"1C 77 Munibung RD, Cardiff NSW 2285",02 4969 7066,,0414 595 900,"Wardrobe Suppliers,Wardrobes,Standalone Wardrobe Builders,Built In Wardrobe Builders,Shelving & Storage Solutions"
,Oz Rock Concrete,Vasse WA 6280,0413491985,,,"Concreting,Formwork,Footpaths,Driveways,Foundations"
,oz rendering group,NARRE WARREN SOUTH VIC 3805,0421811732,,0421811732,"Mouldings,Render,Rendering,Acrylic Render,Cement Render,Bagging"
,Oz Ranu Services,Wynnum QLD 4178,,,0434282637,"Cleaning Services - Commercial,Graffiti Removal,Office Cleaning,Exterior Cleaning,High Pressure Cleaning,Builder Clean Ups"
,OZ Pro Painting & Maintenance Services,Cranbourne North VIC 3977,,,0411446049,"Handyman,Basic Plastering,Painters,Fence Painting,Exterior,Spray Painting,Interior,Special Finishes,Commercial,Colour Consulting,Exterior Timber Maintenance"
ozplumbingandirrigation.com,Oz Plumbing & Irrigation,North Bondi NSW 2026,,,0416183016,"Gas Fitters,Gas Repairs,Gas Installation,Irrigation Systems,Plumbers,Drain Repairs,Toilet Installation,New Drains,New Homes,Blocked Drains,Home Renovations,Solar Hot Water,General Maintenance,24/7 Emergency Plumbers,Plumbing Installation,Toilet Repairs"
,Oz Pix Discount Roof Restore,Voyager Point NSW 2172,,,0246285057,"Guttering,Gutter Guards,Painters,Roof,Roof Repairs,General Maintenance,Restoration,Metal & Colorbond Roof Repairs,Roof Tile Replacement,Repointing,Skylights,Install,Ventilation,Roof Ventilation"
,OZ Pest Control NSW,Glendenning NSW 2761,,,0404626125,"Inspections - Pest,General Inspection Reports,Termites,Thermal Imaging,Pre-Purchase Property Inspections"
,OZ PEST CONTROL CANBERRA,Gilmore ACT 2905,,,0401688719,"Gutter Protection,Pest Control,Vermin,Possums,Termites,Fleas,Spiders,Preconstruction Treatments,Cockroaches,Snake Removal,Birds,Bee Removal,Silverfish,Bed Bugs,Ants,Rabbit Control,Wasp Removal,Rodent Control,Pest Control Products"
,OZ Shutters,SHALVEY NSW 2770,0432921938,,0432921938,"Roller Shutters,Window Shutters,Louvre Shutters,Installation Only,External Shutters,Custom Design & Install"
ozpaveresurfacing.hipages.com.au,Oz Pave Resurfacing,,,,0417 103 557,"Cleaning Services - Commercial,High Pressure Cleaning,Concrete Resurfacing,Concrete Repair & Reseal,Anti-Slip Concrete Resurfacing,Decorative Concrete Coatings,Concreting,Concrete Removal,Coloured Concrete,Cleaning,Spray-On,Sealing,Footpaths,Driveways,Floor Coatings,Antislip Surfacing,Epoxy Floor Coating,Handyman,Basic Painting,Odd Jobs,Basic Concreting,Painters,Special Finishes,Colour Consulting,Exterior Timber Maintenance,Fence Painting,Exterior,Interior,Spray Painting,Pergolas,Construction,Pressure Cleaning,Driveway Clean,Paving Clean,Brick Cleaning,Render,Roof Repairs,Restoration,Metal & Colorbond Roof Repairs,Repointing"
,Oz Painting and Paperhanging,Cronulla NSW 2230,,,0407708355,"Handyman,Basic Painting,Paint Suppliers,Coatings,Indoor,Outdoor,Painters,Colour Consulting,Exterior Timber Maintenance,Fence Painting,Exterior,Spray Painting,Interior,Special Finishes,Commercial"
,OZ MATE TILING PTY LTD,WOODRIDGE QLD 4114,,,0402 935 613,"Tilers,Bathroom Tiling,Kitchen Tiling,Wall Tiling,Floor Tiling,Tile Removal,Mosaic,Outdoor Paving"
,Oz Maintenance and Automation,Parramatta NSW 2150,0431277022,,0478773389,"Carpet & Upholstery Cleaning,Carpet Steam Cleaning,Carpet Dry Cleaning,Cleaning,Rental Bond & Move Out Clean,Cleaning Services - Commercial,Graffiti Removal,Office Cleaning,Exterior Cleaning,High Pressure Cleaning,Builder Clean Ups,Gutter Cleaning,Commercial,Inspections - Building,Commercial,Pool Maintenance,Pool Cleaning Service,Servicing,Maintenance & Repairs,Window Cleaning,Abseiling"
,OZ Lawn Services,Reservoir VIC 3073,,,0423671871,"Garden Maintenance,Garden Rubbish Removal,Slashing,Gardening,Weed Control,Fertilising,Pruning & Trimming,Garden Cleanup,Landscaping & Gardening,Horticulture,Landscape Construction,Landscape Design"
www.ozkitchens.com.au,Oz Kitchens,Smithfield NSW 2164,9729 1223,,,"Carpets,Install,Kitchen,Cabinet Makers,Benchtops,Kitchen Renovation,New Kitchen,Shopfitters,Installation,Office Fit Outs,Timber Flooring,Timber Flooring Suppliers,Timber Floor Coatings,Solid Timber Floor Installation,Floating Timber Floor Installation,Timber Floor Installation,Vinyl & Laminate,Laminate Flooring Installation"
,OZ King Cleaning,ELIZABETH HILLS NSW 2171,0450377887,,0450377887,"Cleaning,One Off Clean,Rental Bond & Move Out Clean,Home Cleaners,Cleaning Products,Cleaning Services - Commercial,Office Cleaning,Exterior Cleaning,High Pressure Cleaning,Builder Clean Ups,Graffiti Removal,Pool Maintenance,Pool Cleaning Service,Window Cleaning,Abseiling,Standard"
www.oz-king.com.au,Oz King Home Improvement Solutions,"34 Panamax RD, Ravenhall VIC 3023",03 9746 9642,,0418339024,"Blinds Suppliers,Timber Blinds,Roller Blinds,Vertical Blinds,Venetian Blinds,Flyscreens,Install Flyscreen Doors,Suppliers,Install Retractable Screens,Install Flyscreen Windows,Roller Shutters,Security,Security Screens & Doors,Door Install,Screen Install,Window Shutters,Timber Shutters,Venetian Shutters,Plantation Shutters,Installation Only,Louvre Shutters,External Shutters,Custom Design & Install"
,Oz Install,Sydney City NSW 2560,,,0449280887,"Carpenters,Renovations,Architraves,Skirting,Furniture Removal,House Move,Corporate Move,Interstate,Including Packing & Unpacking,Small Move,Handyman,Basic Carpentry"
www.ozimagetiling.com.auu002Findex.html,Oz Image Tiling,Stanhope Gardens NSW 2768,,,0433 147 740,"Bathroom,Tilers,Design,Floor Coatings,Epoxy Floor Coating,Kitchen,Tilers,Limestone,Pressure Cleaning,Paving Clean,Driveway Clean,Splashbacks,Tilers,Tile Removal,Mosaic,Grouting & Regrouting ,Outdoor Paving,Bathroom Tiling,Kitchen Tiling,Wall Tiling,Floor Tiling,Waterproofing,Bathroom,Balconies"
,Oz Heat and Cool,Mount Waverley VIC 3149,,,0403962762,"Air Conditioning,Evaporative Cooling,Ducted,Suppliers,Air Conditioners,Installation,Reverse Cycle,Repairs & Maintenance,Refrigeration,Split System"
,Oz Handyman And Lawn Services,Hallam VIC 3803,,,0481248352,"Garden Maintenance,Gardening,Garden Cleanup,Weed Control,Garden Rubbish Removal,Fertilising,Slashing,Pruning & Trimming,Handyman,Welding,Basic Garden Jobs,Basic Tiling,Furniture Assembly,Shower Base Repair,Window & Door Repairs,Basic Plastering,Basic Paving,Basic Concreting,Basic Painting,Basic Fencing,Basic Carpentry,Odd Jobs,Picture & Mirror Hanging,Basic Bricklaying,Lock Repairs,Lawn & Turf,Disease And Pest Management,Synthetic Turf Supply & Install,Laying,Supply,Lawn Mowing,Larger Fields,Gardens"
www.ozgeos.com.auu002F,Oz Geos,Dallas VIC 3047,,,0450336240,"Engineering - Structural,Excavation,Earth Moving,Site-Cuts,Compacting,Service Location,Boring,Post Hole Digging,Pool Excavations,Confined Space (mini excavator),Pit Installation,Under Road Boring,Horizontal Directional Drilling,Trenching"
www.ozsmartthings.com.au,OZ Smart Things,Mosman NSW 2060,,,0403783488,"Electricians,Home Automation"
,Oz Glass Pty Ltd,GEORGES HALL NSW 2198,,,0410392042,"Glass & Glazing,Glass Bricks,Glass Cutting,Glazing,Glass Replacement,Glass Installations,Mirrors,Shopfitters,Shop Fronts,Shop Doors,Window Repairs,Glass Repairs,Glass Replacement,24/7 Emergency,Window Frame Repairs,Windows,Window Installation,Double Hung Windows,Window Frames,Double Glazed WIndows,Timber Windows,Whole Window Replacement,Casement Windows,Aluminium Windows,Glass Supply & Replacement,Bi Fold Windows,Sliding Windows,Awning Windows,PVC Windows,Window Repairs,Louvre Windows"
,Oz Garden Solutions,Yangebup WA 6164,,,0414627017,"Garden Maintenance,Garden Cleanup,Garden Rubbish Removal,Slashing,Gardening,Weed Control,Fertilising,Pruning & Trimming,Landscaping & Gardening,Landscape Design"
ozpaintings.com.auu002F,OZ Painting & Decorate,Bondi Junction NSW 2022,,,0424994905,"Paint Suppliers,Coatings,Indoor,Outdoor,Painters,Colour Consulting,Roof,Exterior Timber Maintenance,Fence Painting,Spray Painting,Exterior,Special Finishes,Interior,Commercial,Plastering & Gyprock,Repairs,Ornamental,Partitioning,Solid Wall,Dry Wall"
,OZ FENCING & WELDING,Frankston VIC 3199,,,0497831329,"Fencing,Rural Fencing,General Contractor,Steel,Fencing Suppliers,Gates,Supply & Install,Custom Gates,Automatic Gates,Wrought Iron Gates,Gate Suppliers,Handyman,Welding"
www.ozfence.com.au,Oz Fence and Metal Fabrication,Dandenong South VIC 3175,,,0435310222,"Fencing,Glass,Steel,Brick,Rural Fencing,Timber,Aluminium,General Contractor,PVC"
www.ozepoxy.comu002F,Oz Epoxy Floor Coatings,CONSTITUTION HILL NSW 2145,,,0451841508,"Concreting,Grinding,Floor Coatings,Antislip Surfacing,Epoxy Floor Coating,Pool Builders,Resurfacing"
,OZ FENCING & MAINTENANCE,Guildford NSW 2161,,,0466216184,"Fencing,Timber,Colorbond Fencing,Gates,Supply & Install,Custom Gates,Automatic Gates,Pool Fencing,Installation"
,Oz Electrical and Air conditioning,DOONSIDE NSW 2767,0404410699,,0404410699,"Air Conditioning,Refrigeration,Air Conditioners,Split System,Suppliers,Evaporative Cooling,Installation,Ducted,Repairs & Maintenance,Reverse Cycle,Electricians,New Installations,Security Lighting,Lighting,New Homes,Safety Switches,24/7 Emergency Electricians,Home Entertainment System,Rewiring,Home Automation,Test & Tag,Repairs,Fibre Optic Cables,Solar Power,Renovations,Uninterruptible Power Supply (UPS),Data Cabling,Power Points,Switchboards,Back Up Generators,Security,CCTV,Alarm Systems,Access Control,Intercom Systems,Security Lighting,Security Card Access,24 Hour Monitoring,Security Guards"
,Oz Eagle Cleaning and Maintenance Services,Carlton NSW 2218,,,0408291019,"Carpet & Upholstery Cleaning,Carpet Steam Cleaning,Cleaning,Duct Cleaning,BBQ Cleaning,One Off Clean,Rental Bond & Move Out Clean,Home Cleaners,Washing & Ironing,Cleaning Services - Commercial,High Pressure Cleaning,Office Cleaning,Exterior Cleaning,Garden Maintenance,Weed Control,Fertilising,Pruning & Trimming,Garden Cleanup,Garden Rubbish Removal,Slashing,Gardening,Window Cleaning,Abseiling,Standard"
www.ozehomes.com.au,Set Projects,Mount Pritchard NSW 2170,,,0411894933,"Building,Project Management,Home Extensions,Renovation,New Home,Granny Flats,Re Stumping,House & Land Packages"
,Oz Direct Cleaning And Maintenance,Haberfield NSW 2045,0419614635,,0425239201,"Cleaning,One Off Clean,Rental Bond & Move Out Clean,Home Cleaners,Cleaning Services - Commercial,Exterior Cleaning,Builder Clean Ups,Office Cleaning,Concreting,Cleaning,Gutter Cleaning,Stormwater Pits & Drains,Roof Gutters,Handyman,Basic Painting,Basic Tiling,Pressure Cleaning,Paving Clean,Brick Cleaning,Driveway Clean,Tilers,Tile & Grout Cleaning,Vacuum Cleaners,Window Cleaning,Standard"
,Oz E Cool Pty Ltd,Cloncurry QLD 4824,0747420700,,0418713608,"Air Conditioning,Suppliers"
ozflooringsydney.com.auu002F,OZ FLOORING SYDNEY,Riverwood NSW 2210,02 9538 2014,,0432 733 879,"Bamboo Flooring,Timber Flooring,Timber Flooring Suppliers,Timber Floor Coatings,Solid Timber Floor Installation,Floating Timber Floor Installation,Timber Floor Installation,Vinyl & Laminate,Laminate Flooring Installation"
www.ozcranes.com.au,Oz Cranes & Rigging,East Bendigo VIC 3550,0354422960,,,"Equipment Hire,Crane,Access Equipment"
,Oz Euro Design,Derrimut VIC 3030,,0393635780,0411895677,"Fencing Suppliers,Security Fencing Suppliers,Glass Fencing Suppliers,Garden Fencing Suppliers,Pool Fencing Suppliers,Handyman,Window & Door Repairs,Basic Plastering,Basic Paving,Basic Concreting,Basic Painting,Basic Fencing,Basic Carpentry,Odd Jobs,Picture & Mirror Hanging,Basic Bricklaying,Lock Repairs,Welding,Basic Garden Jobs,Basic Tiling,Furniture Assembly,Shower Base Repair"
,Oz Coat Cement Rendering,Wamberal NSW 2260,0415809554,,0415809554,"Render,Rendering,Acrylic Render,Cement Render,Bagging"
,Oz Clean Services QLD,Boondall QLD 4034,,,0498328534,"Carpet & Upholstery Cleaning,Carpet Dry Cleaning,Upholstery Cleaning,Rug Cleaning,Carpet & Fabric Protection,Carpet Steam Cleaning,Cleaning,Rental Bond & Move Out Clean,Oven Cleaning,Home Cleaners,Washing & Ironing,Tile & Grout,Duct Cleaning,BBQ Cleaning,One Off Clean"
,Oz Electrics,,,,0411148001,"Electricians,Home Automation,Repairs,Fibre Optic Cables,Renovations,Test & Tag,Data Cabling,Power Points,Switchboards,Lighting,New Installations,Security Lighting,New Homes,Safety Switches,Home Entertainment System,Rewiring"
www.ozhomeservice.com,Oz Home Service,Chatswood NSW 2067,,,0432283073,"Carpet & Upholstery Cleaning,Sanitising & Deoderising,Carpet Steam Cleaning,Carpet Dry Cleaning,Upholstery Cleaning,Rug Cleaning,Carpet & Fabric Protection,Cleaning,Tile & Grout,BBQ Cleaning,One Off Clean,Rental Bond & Move Out Clean,Home Cleaners,Cleaning Services - Commercial,High Pressure Cleaning,Builder Clean Ups,Office Cleaning,Exterior Cleaning,Vinyl & Laminate,Vinyl Strip & Seal,Window Cleaning,Abseiling,Standard"
,Oz Clean Mate - E&J Hr Pty Ltd,Morayfield QLD 4506,,,0452470321,"Cleaning,One Off Clean,Rental Bond & Move Out Clean,Home Cleaners,Cleaning Services - Commercial,Office Cleaning"
https:u002Fu002Fwww.ozcleanemeraldcity.com.au,OZ Clean Emerald City,Emerald QLD 4720,0478 387 066,,0478 387 066,"Carpet & Upholstery Cleaning,Sanitising & Deoderising,Carpet Steam Cleaning,Carpet Dry Cleaning,Upholstery Cleaning,Rug Cleaning,Carpet & Fabric Protection,Cleaning,Duct Cleaning,BBQ Cleaning,One Off Clean,Oven Cleaning,Rental Bond & Move Out Clean,Home Cleaners,Tile & Grout,Cleaning Services - Commercial,High Pressure Cleaning,Builder Clean Ups,Graffiti Removal,Office Cleaning,Exterior Cleaning,Gutter Cleaning,Commercial,Stormwater Pits & Drains,Roof Gutters,Pressure Cleaning,Brick Cleaning,Driveway Clean,Graffiti Removal,Paving Clean,Rubbish Removal,Rubbish Removal Service,Vinyl & Laminate,Vinyl Strip & Seal"
,OZ Choice Carpentry,Cherrybrook NSW 2126,,,0450569531,"Carpenters,Windows,Decking,Renovations,House Frames,Architraves,Ramps,Skirting,Doors,Handrails,Formwork,Carports,Carpenter"
,Oz Carpentry & Maintenance,LOWER PORTLAND NSW 2756,0438987080,,0438987080,"Awnings,Repairs,Carpenters,Doors,Formwork,Architraves,Windows,Skirting,Renovations,Decking,Ramps,Handrails,Cladding,Timber,Internal,Vinyl,External,Wall,Cement,Concreting,Foundations,Footpaths,Concrete Removal,Sealing,Doors,Door Installation,Handrails,Balconies,Handyman,Basic Concreting,Lock Repairs,Shower Base Repair,Picture & Mirror Hanging,Basic Carpentry,Basic Garden Jobs,Basic Plastering,Basic Bricklaying,Furniture Assembly,Basic Painting,Welding,Basic Paving,Window & Door Repairs,Odd Jobs,Basic Tiling,Basic Fencing,Landscaping & Gardening,Landscape Construction,Roof Repairs,General Maintenance,Metal & Colorbond Roof Repairs,Roofing,Metal & Colorbond Roofing,Shopfitters,Skylights,Repairs,Install,Timber Flooring,Floating Timber Floor Installation,Timber Flooring Suppliers,Timber Floor Installation,Timber Floor Repairs,Timber Floor Coatings,Solid Timber Floor Installation,Vinyl & Laminate,Laminate Flooring Installation,Vinyl Strip & Seal,Benchtops,Vinyl Installation"
,Oz Cut Tree Services,Helensvale QLD 4212,,,0428488039,"Arborist,Tree Removal,Tree Pruning,Tree Felling,Felling,24/7 Emergency,Stump Grinding,Lopping"
,OZ DELIVERY PTY LTD,Cabramatta NSW 2166,,,0416799968,"Furniture Removal,Interstate,Including Packing & Unpacking,Small Move,House Move,Corporate Move"
,Oz Brick Cleaning,Roxburgh Park VIC 3064,,,0435745323,"Pressure Cleaning,Paving Clean,Pool Cleaning,Brick Cleaning,Driveway Clean,Graffiti Removal"
,OZ BIN HIRE,,,,0421 021 788,"Rubbish Removal,Skip & Truck Hire"
www.ozautomation.com.auu002F,Oz Automation,"22 Phaius ST, Acacia Ridge QLD 4110",,,0425741017,"Garages,Garage Doors,Gates,Automatic Gates"
,Oz Garage Doors,HEATHMONT VIC 3135,0460573151,,0460573151,"Awning Suppliers,Garages,Garage Doors,Roller Shutters,Window Shutters,Installation Only,External Shutters,Custom Design & Install,Timber Shutters,Venetian Shutters,Louvre Shutters"
,Oz Assembly,Clovelly NSW 2031,,,0478506782,"Handyman,Furniture Assembly"
,Oz Appliances Repair,CRANBOURNE WEST VIC 3977,0430128356,,,"Appliance Repairs,Washing Machines,Refrigerators,Clothes Dryers,Ovens & Range Hoods,Dishwashers"
,Oz Antennas,Macksville NSW 2447,,0243846300,0427683700,"Antenna Services,Foxtel, TV & Satellite,Antenna Relocation,Repairs & Troubleshooting,Suppliers & Installation,Digital TV Points"
,OZ & SK fabrications,WETHERILL PARK NSW 2164,0411044310,,0411044310,"Balustrading,Balconies,Stairs,Fencing & Gates,Carports,Suppliers,Carpenter,Drafter,Builder,Fencing,General Contractor,Glass,Aluminium,Glass Balustrades,Pergolas,Custom Design,Pergola Covers,Metal Pergola Builders,Pergola Screens, Windows & Doors,Including Council Approval Service,Construction,Pool Fencing,Installation,Glass Pool Fencing"
www.ozairgroup.com.auu002F,OZ AIR GROUP,Ivanhoe North VIC 3079,0418711484,,,"Air Conditioning,Installation,Repairs & Maintenance,Reverse Cycle,Split System,Suppliers,Ducted,Air Conditioners,Appliance Repairs,Air Conditioners,Electricians,New Homes,Switchboards,Safety Switches,Renovations,New Installations,Heating Systems,Reverse Cycle,Supply & Install"
,OZ & Co Construction,Guildford NSW 2161,,,0438896671,"Bathroom,Complete Bathroom Renovation,Demolition,Strip Outs,Kitchen,Kitchen Renovation,Landscaping & Gardening,Horticulture,Project Management,Landscape Design,Roofing,Bedding & Pointing,Roofing Contractors,Metal & Colorbond Roofing,Rubbish Removal,Rubbish Removal Service"
,Oyster Cove Plumbing Gas,OYSTER COVE TAS,(03)57560930,(03)57560304,,"Gas Fitters,Plumbers"
ozcleaningsolutions.com.auu002F,Oz Carpet Cleaning,Clayton VIC 3168,0385101186,0351740558,,"Carpet & Upholstery Cleaning,Carpet Dry Cleaning,Upholstery Cleaning,Rug Cleaning,Carpet & Fabric Protection,Sanitising & Deoderising,Carpet Steam Cleaning,Cleaning,Oven Cleaning,Tile & Grout,Duct Cleaning,BBQ Cleaning,One Off Clean,Rental Bond & Move Out Clean,Home Cleaners,Cleaning Services - Commercial,Office Cleaning"
,Oyster Ceilings,SOUTH LAKE WA 6164,0433229583,,0433229583,"Ceilings,Insulation,Supply & Install Ceiling Insulation,Plastering & Gyprock,Partitioning,Dry Wall,Repairs"
,Oz Cleaning,Adelaide SA 5000,,,0417044434,"Cleaning,Oven Cleaning,Duct Cleaning,BBQ Cleaning,One Off Clean,Rental Bond & Move Out Clean,Home Cleaners"
,Oyster Bay Hire,,,,0427 585 974,Excavation
,Oyangoren Construction,Frankston North VIC 3200,,,0413 974 070,"Bathroom,Complete Bathroom Renovation,Carpenters,Renovations,Decking,Architraves,House Frames,Skirting,Doors,Handrails,Windows,Carports,Carpenter,Cladding,External,Concreting,Concrete Retaining Walls,Decking,Composite Decking,Timber Decking,Construction,Fencing,Steel,Timber,Kitchen,Kitchen Renovation,Landscaping & Gardening,Landscape Construction,Patios,Builders,Paving,Paths,Garden Edges,Pool Areas,Patios,Driveways,Pergolas,Construction,Custom Design,Metal Pergola Builders,Timber Pergola Builders,Retaining Walls,Stone Retaining Walls,Concrete Retaining Walls,Timber Retaining Walls,Timber Flooring,Solid Timber Floor Installation,Floating Timber Floor Installation,Timber Floor Installation"
,Oxman Bricklaying and Constructions,Goulburn NSW 2580,0407437359,,0407437359,"Bricklaying,Piering,Brick Pointing,Brick Fences,Extensions,Alterations & Additions,Fireplaces,Carpenters,Skirting,Formwork,Decking,Renovations,Doors,Architraves,Handyman,Basic Carpentry,Basic Bricklaying,Basic Paving,Paving,Pool Areas,Patios,Driveways,Paths,Garden Edges"
www.oxleysdoors.com.auu002F,Oxleys Doors & More P/L,Mildura VIC 3500,0350212570,,,"Window Shutters,Installation Only,External Shutters,Custom Design & Install"
,Oxygem Pools,Kotara NSW 2289,,,0411866556,"Pool Accessories,Pool Filter,Pool Maintenance,Servicing,Maintenance & Repairs,Pool Cleaning Service"
,Oxley Landscaping,"1 Jill ST, Morwell VIC 3840",,,0412 953 922,"Garden Maintenance,Weed Control,Fertilising,Pruning & Trimming,Garden Cleanup,Garden Rubbish Removal,Slashing,Gardening,Irrigation Systems,Irrigation Consultancy,Drip Irrigation Systems,Grey Water Systems,Spray Systems,Irrigation Repairs,Landscaping & Gardening,Project Management,Landscape Construction,Landscape Design,Horticulture,Lawn & Turf,Laying,Supply,Paving,Garden Edges,Pool Areas,Patios,Driveways,Paths,Retaining Walls,Material Suppliers,Timber Retaining Walls,Stone Retaining Walls,Concrete Retaining Walls,Water Features,Installation,Custom Design,Construction"
,Oxley Landscapes,Bowral NSW 2576,,,0438107550,"Landscaping & Gardening,Landscape Construction,Landscape Design"
,Oxley Coffee Machine Repairs,Uralla NSW 2358,,,0401900803,"Air Conditioning,Refrigeration,Appliance Repairs,Clothes Dryers,Dishwashers,Washing Machines,Refrigerators,Air Conditioners,Microwaves,Heaters"
,Oxlade s Painting,"31 Victoria PDE, Port Augusta SA 5700",,,0431 359 456,"Painters,Fence Painting,Exterior,Interior,Special Finishes,Commercial,Colour Consulting,Exterior Timber Maintenance,Wallpapering,Installation"
,Oxfordshire Pty Ltd,"56 Marriage RD, Brighton East VIC 3187",,,0417 512 761,"Bathroom,Design,Tilers,Cabinet Makers,Builder,Repairs,Complete Bathroom Renovation,Bathroom Accessories,Mirrors,Towel Rails & Rings,Shower Sets,Soap Dishes & Toothbrush Holders,Toilet Roll Holders,Tapware,Robe Hooks,Shampoo & Soap Dispensers,Shelving & Cabinets,Bathroom Fittings,Bathroom Taps,Heated Towel Rails,Building,General Building Work,Home Extensions,Renovation,New Home,House & Land Packages,Granny Flats,Project Management,Re Stumping,Building Certifiers,Building Consultants,Sustainable Building Advisor,Inspections,Certification,Building Design,Development Applications,Decking,Suppliers,Sealing & Finishing,Construction,Timber Decking,Composite Decking,Decking Materials,Decking Oil,Extensions & Additions,Structural Engineers,Garages,2nd Storey Additions,Ground Floor Extensions,Builders,Building Permits,Project Management,Design,Kitchen,Cabinet Makers,Resurfacing,Benchtops,Kitchen Renovation,Project Management,New Kitchen,Flat Pack Kitchens,Tilers,Kitchen Appliances,Rangehoods,Ovens,Pergolas,Pergola Covers,Metal Pergola Builders,Timber Pergola Builders,Pergola Screens, Windows & Doors,Including Council Approval Service,Construction,Custom Design"
www.oxigen.net.auu002F,Oxigen Pty Ltd,Adelaide SA 5000,0873249600,,,"Landscape Architecture,Project Management,Landscape Construction,Landscape Design"
,Oxfordshire Builders Pty Ltd,Brighton East VIC 3187,0395926028,,0417512761,"Building,Granny Flats,Home Extensions,Renovation,Carports,Builder,Decking,Garages,Builders,Gazebo,Design & Build,Patios,Builders,Pergolas,Metal Pergola Builders,Timber Pergola Builders,Sheds,Shed Builders"
www.oxford-interiors.com,Oxford Interiors,Rose Bay NSW 2029,,,0401277494,"Interior Decorating,Fabric,Wallpapering,Soft Furnishing Suppliers,Colour Consultancy"
oxfordcontracting.com.au,Oxford Contracting Pty Ltd,Brendale QLD 4500,,,0439671218,"Carpenters,Windows,Decking,Renovations,House Frames,Architraves,Ramps,Skirting,Doors,Handrails,Formwork,Carports,Carpenter"
,Oxford Garage Doors & Gates Pty Ltd,Bass Hill NSW 2197,,,0415281121,"Garages,Garage Doors,Gates,Gate Suppliers,Supply & Install,Custom Gates,Automatic Gates,Wrought Iron Gates"
www.oxfordbuildandreno.com.auu002F,Oxford Building and Renovation,Flagstaff Hill SA 5159,,,0426241491,"Building,Home Extensions,Renovation"
,Oxy Electrical,Murray Bridge SA 5253,,,0406642857,"Electricians,Rewiring,Repairs,Test & Tag,Renovations,Uninterruptible Power Supply (UPS),Power Points,Switchboards,New Installations,Security Lighting,New Homes,Safety Switches,Lighting"
,Oxford Building,Dingley Village VIC 3172,,,0401 730 275,"Carpenters,Architraves,Ramps,Skirting,Doors,Handrails,Windows,Decking,Renovations,House Frames,Carports,Carpenter,Decking,Timber Decking,Construction,Suppliers,Composite Decking,Pergolas,Construction,Timber Pergola Builders"
oxfordbathrooms.com.auu002F,Oxford Bathrooms,Brookvale NSW 2100,0294847500,,0298907245,"Bathroom,Builder,Complete Bathroom Renovation,Design,Interior Designer,Bathroom Design"
www.oxfordservice.com.au,Oxford Appliance Service,Drummoyne NSW 2047,0296673844,,,"Appliance Installation,Washing Machine Installation,Cooktop Installation,Dishwasher Installation,Oven Installation,Rangehood Installation,Appliance Repairs,Dishwashers,Microwaves,Washing Machines,Clothes Dryers,Refrigerators,Ovens & Range Hoods,Stoves & Cooktops,Kitchen Appliances,Rangehoods,Ovens"
,Oxes Mowing and Gardening OMG,Wallace VIC 3352,0417347340,,,"Garden Maintenance,Gardening,Weed Control,Fertilising,Garden Cleanup,Pruning & Trimming,Garden Rubbish Removal,Slashing,Handyman,Basic Garden Jobs,Lawn Mowing,Gardens"
,Ox Services,Sunbury VIC 3429,0438605060,,0438605060,"Garden Maintenance,Gardening,Garden Cleanup,Weed Control,Garden Rubbish Removal,Fertilising,Slashing,Pruning & Trimming,Handyman,Basic Painting,Picture & Mirror Hanging,Basic Carpentry,Odd Jobs,Lock Repairs,Basic Garden Jobs,Furniture Assembly,Basic Tiling,Basic Paving,Window & Door Repairs,Shower Base Repair,Basic Fencing,Basic Concreting,Landscaping & Gardening,Horticulture,Lawn Mowing,Gardens,Locks,Locksmiths,Lockouts,Key Cutting,Supply & Install,Paving,Garden Edges"
www.oxpine.com.au,Ox Pine Furniture,,(02) 9636 5188,,,"Chairs,Furniture - Chairs,Dining Tables,Furniture - Custom Design,Cabinets,Custom Built Tables,Custom Built Chairs,Custom Built Storage Solutions,Entertainment Units,Furniture - Retailers"
,Ox Plumbing Services,"25 Waddell CRS, HORNSBY HEIGHTS NSW 2077",02 9987 2293,02 9987 2293,0438 757 502,
,Owner Builder Specialist,,,,0408 535 710,"Bathroom,Building,Decking,Extensions & Additions,Patios,Paving,Pergolas"
,Owner Builder Australia,Sydney NSW 2000,0285424040,,0401328718,"Gazebo,Construction,Kitchen,Kitchen Renovation,Patios,Builders,Pergolas,Construction,Metal Pergola Builders,Timber Pergola Builders"
www.ownahometas.com.au,Own-A-Home Pty Ltd,"76 Bass HWY, Cooee TAS 7320",,,0448696247,"Building,General Building Work,Home Extensions,Renovation,New Home,Granny Flats,Commercial,Carports,Builder,Extensions & Additions,Builders,Garages,Builders,Gazebo,Design & Build,Patios,Builders,Pergolas,Metal Pergola Builders,Timber Pergola Builders"
,Owls Painting & Decorating,Perth WA 6000,,,0408 099 259,"Painters,Exterior Timber Maintenance,Fence Painting,Spray Painting,Exterior,Special Finishes,Interior,Commercial,Colour Consulting,Roof"
,Owens Antennas,Bundaberg QLD 4670,,,0429169864,"Antenna Services,Foxtel, TV & Satellite,Antenna Relocation,Repairs & Troubleshooting,Suppliers & Installation,Digital TV Points"
